{"train_loss": 0.25159314274787903, "train.time": 3.857710838317871, "_timestamp": 1676183227, "_runtime": 226, "_step": 57, "loss": 0.29341429471969604, "MRR": 0.010634737602822707, "nDCG": 1.3164368818551415, "_wandb": {"runtime": 231}}