{"train.total": 0.004398648627102375, "train.time": 0.2815070152282715, "_timestamp": 1672468705, "_runtime": 2340, "_step": 2699, "validation_loss": 0.5008484721183777, "validation_acc": 0.005495234998546378, "gradients/graph_1layer.4.bias": {"_type": "histogram", "values": [1.0, 0.0, 0.0, 0.0, 0.0, 1.0, 0.0, 0.0, 1.0, 1.0, 0.0, 6.0, 2.0, 0.0, 1.0, 1.0, 4.0, 1.0, 1.0, 6.0, 5.0, 2.0, 4.0, 1.0, 4.0, 3.0, 3.0, 6.0, 1.0, 5.0, 7.0, 1.0, 1.0, 1.0, 4.0, 2.0, 3.0, 6.0, 5.0, 3.0, 5.0, 1.0, 8.0, 2.0, 3.0, 2.0, 3.0, 0.0, 1.0, 3.0, 1.0, 2.0, 1.0, 0.0, 1.0, 1.0, 0.0, 0.0, 0.0, 0.0, 0.0, 0.0, 0.0, 1.0], "bins": [-0.013025814667344093, -0.01259278692305088, -0.012159760110080242, -0.011726733297109604, -0.011293705552816391, -0.010860677808523178, -0.01042765099555254, -0.009994624182581902, -0.009561596438288689, -0.009128568693995476, -0.008695541881024837, -0.0082625150680542, -0.007829487323760986, -0.007396460045129061, -0.006963432766497135, -0.00653040548786521, -0.006097378209233284, -0.005664350930601358, -0.005231323651969433, -0.004798296373337507, -0.004365269094705582, -0.003932241816073656, -0.0034992145374417305, -0.003066187258809805, -0.0026331599801778793, -0.0022001327015459538, -0.0017671054229140282, -0.0013340781442821026, -0.000901050865650177, -0.0004680235870182514, -3.4996308386325836e-05, 0.00039803097024559975, 0.0008310591802000999, 0.0012640864588320255, 0.0016971137374639511, 0.0021301410160958767, 0.0025631682947278023, 0.002996195573359728, 0.0034292228519916534, 0.003862250130623579, 0.004295277409255505, 0.00472830468788743, 0.005161331966519356, 0.005594359245151281, 0.006027386523783207, 0.0064604138024151325, 0.006893441081047058, 0.007326468359678984, 0.007759495638310909, 0.008192522451281548, 0.00862555019557476, 0.009058577939867973, 0.009491604752838612, 0.00992463156580925, 0.010357659310102463, 0.010790687054395676, 0.011223713867366314, 0.011656740680336952, 0.012089768424630165, 0.012522796168923378, 0.012955822981894016, 0.013388849794864655, 0.013821877539157867, 0.01425490528345108, 0.014687932096421719]}, "gradients/graph_1layer.4.weight": {"_type": "histogram", "values": [1.0, 0.0, 1.0, 0.0, 0.0, 1.0, 1.0, 2.0, 3.0, 2.0, 5.0, 10.0, 7.0, 9.0, 15.0, 22.0, 29.0, 28.0, 43.0, 57.0, 79.0, 112.0, 142.0, 170.0, 220.0, 249.0, 349.0, 450.0, 850.0, 1980.0, 7237.0, 1347.0, 663.0, 486.0, 395.0, 316.0, 276.0, 179.0, 151.0, 115.0, 99.0, 65.0, 53.0, 37.0, 26.0, 28.0, 19.0, 16.0, 6.0, 10.0, 5.0, 5.0, 3.0, 1.0, 2.0, 2.0, 1.0, 2.0, 0.0, 0.0, 1.0, 0.0, 0.0, 1.0], "bins": [-0.0010928569827228785, -0.0010567668359726667, -0.0010206765728071332, -0.0009845863096415997, -0.0009484961628913879, -0.0009124059579335153, -0.0008763157529756427, -0.00084022554801777, -0.0008041353430598974, -0.0007680451381020248, -0.0007319549331441522, -0.0006958647281862795, -0.0006597745232284069, -0.0006236843182705343, -0.0005875941133126616, -0.000551503908354789, -0.0005154137033969164, -0.00047932349843904376, -0.00044323329348117113, -0.0004071430885232985, -0.00037105288356542587, -0.00033496267860755324, -0.0002988724736496806, -0.000262782268691808, -0.00022669206373393536, -0.00019060185877606273, -0.0001545116538181901, -0.00011842144886031747, -8.233124390244484e-05, -4.624103894457221e-05, -1.0150833986699581e-05, 2.5939370971173048e-05, 6.202945951372385e-05, 9.811966447159648e-05, 0.0001342098694294691, 0.00017030007438734174, 0.00020639027934521437, 0.000242480484303087, 0.0002785706892609596, 0.00031466089421883225, 0.0003507510991767049, 0.0003868413041345775, 0.00042293150909245014, 0.00045902171405032277, 0.0004951119190081954, 0.000531202123966068, 0.0005672923289239407, 0.0006033825338818133, 0.0006394727388396859, 0.0006755629437975585, 0.0007116531487554312, 0.0007477433537133038, 0.0007838335586711764, 0.0008199237636290491, 0.0008560139685869217, 0.0008921041735447943, 0.000928194378502667, 0.0009642845834605396, 0.0010003747884184122, 0.001036464935168624, 0.0010725551983341575, 0.001108645461499691, 0.0011447356082499027, 0.0011808257550001144, 0.001216916018165648]}, "gradients/graph_1layer.2.bias": {"_type": "histogram", "values": [1.0, 0.0, 0.0, 0.0, 0.0, 1.0, 0.0, 0.0, 0.0, 0.0, 1.0, 1.0, 0.0, 2.0, 1.0, 1.0, 0.0, 1.0, 1.0, 3.0, 2.0, 3.0, 2.0, 1.0, 4.0, 3.0, 6.0, 7.0, 4.0, 3.0, 4.0, 3.0, 5.0, 31.0, 4.0, 3.0, 5.0, 2.0, 3.0, 1.0, 2.0, 2.0, 1.0, 2.0, 0.0, 3.0, 1.0, 3.0, 0.0, 0.0, 0.0, 1.0, 0.0, 0.0, 1.0, 0.0, 0.0, 1.0, 0.0, 0.0, 0.0, 0.0, 1.0, 1.0], "bins": [-0.021543443202972412, -0.02089175023138523, -0.0202400591224432, -0.019588366150856018, -0.018936673179268837, -0.018284980207681656, -0.017633289098739624, -0.016981596127152443, -0.016329903155565262, -0.01567821018397808, -0.015026518143713474, -0.014374826103448868, -0.013723133131861687, -0.01307144109159708, -0.012419749051332474, -0.011768056079745293, -0.011116364039480686, -0.01046467199921608, -0.009812979027628899, -0.009161286987364292, -0.008509594015777111, -0.007857901975512505, -0.007206209469586611, -0.006554516963660717, -0.005902824457734823, -0.0052511319518089294, -0.004599439445883036, -0.003947746939957142, -0.0032960546668618917, -0.002644362160935998, -0.001992669887840748, -0.001340977381914854, -0.0006892848759889603, -3.7592428270727396e-05, 0.0006141000194475055, 0.0012657924089580774, 0.0019174849148839712, 0.002569177420809865, 0.003220869693905115, 0.003872562199831009, 0.004524254705756903, 0.0051759472116827965, 0.00582763971760869, 0.006479332223534584, 0.0071310242637991905, 0.007782717235386372, 0.008434409275650978, 0.00908610224723816, 0.009737794287502766, 0.010389486327767372, 0.011041179299354553, 0.01169287133961916, 0.01234456431120634, 0.012996256351470947, 0.013647949323058128, 0.014299641363322735, 0.014951333403587341, 0.015603025443851948, 0.016254717484116554, 0.016906410455703735, 0.017558103427290916, 0.018209796398878098, 0.01886148750782013, 0.01951318047940731, 0.02016487345099449]}, "gradients/graph_1layer.2.weight": {"_type": "histogram", "values": [2.0, 1.0, 0.0, 1.0, 1.0, 2.0, 3.0, 2.0, 6.0, 4.0, 7.0, 8.0, 6.0, 8.0, 19.0, 27.0, 31.0, 43.0, 50.0, 69.0, 102.0, 121.0, 184.0, 267.0, 400.0, 532.0, 742.0, 1238.0, 1819.0, 2765.0, 3981.0, 11846.0, 3019.0, 1890.0, 1139.0, 752.0, 514.0, 350.0, 193.0, 154.0, 107.0, 97.0, 47.0, 47.0, 40.0, 27.0, 25.0, 16.0, 14.0, 8.0, 4.0, 9.0, 6.0, 5.0, 2.0, 8.0, 1.0, 2.0, 2.0, 0.0, 0.0, 2.0, 0.0, 1.0], "bins": [-0.0009440778521820903, -0.0009139753528870642, -0.0008838728535920382, -0.0008537702960893512, -0.0008236677967943251, -0.000793565297499299, -0.0007634627399966121, -0.000733360240701586, -0.0007032577414065599, -0.0006731552421115339, -0.0006430527428165078, -0.0006129501853138208, -0.0005828476860187948, -0.0005527451867237687, -0.0005226426292210817, -0.0004925401299260557, -0.0004624376306310296, -0.00043233513133600354, -0.000402232602937147, -0.0003721300745382905, -0.00034202757524326444, -0.00031192507594823837, -0.00028182254754938185, -0.00025172001915052533, -0.00022161751985549927, -0.00019151500600855798, -0.00016141249216161668, -0.0001313099783146754, -0.0001012074644677341, -7.11049506207928e-05, -4.1002436773851514e-05, -1.0899922926910222e-05, 1.920259092003107e-05, 4.930510476697236e-05, 7.940761861391366e-05, 0.00010951013246085495, 0.00013961264630779624, 0.00016971516015473753, 0.00019981767400167882, 0.00022992018784862012, 0.0002600227016955614, 0.0002901252009905875, 0.000320227729389444, 0.0003503302577883005, 0.0003804327570833266, 0.00041053525637835264, 0.00044063778477720916, 0.0004707403131760657, 0.0005008428124710917, 0.0005309453117661178, 0.0005610478110611439, 0.0005911503685638309, 0.0006212528678588569, 0.000651355367153883, 0.00068145792465657, 0.000711560423951596, 0.0007416629232466221, 0.0007717654225416481, 0.0008018679218366742, 0.0008319704793393612, 0.0008620729786343873, 0.0008921754779294133, 0.0009222780354321003, 0.0009523805347271264, 0.0009824830340221524]}, "gradients/graph_1layer.0.bias": {"_type": "histogram",