{"train_loss": 0.03443820774555206, "train.time": 9.163738012313843, "_timestamp": 1674914848, "_runtime": 10, "_step": 0, "_wandb": {"runtime": 11}}