{"train.total": 0.3006921112537384, "train.time": 0.3113579750061035, "_timestamp": 1673743478, "_runtime": 15, "_step": 7, "_wandb": {"runtime": 21}}