{"train.total": 0.29879626631736755, "train.time": 0.2035961151123047, "_timestamp": 1673682815, "_runtime": 13, "_step": 7}