{"train.total": 0.06804119795560837, "train.time": 0.02991962432861328, "_timestamp": 1673534380, "_runtime": 327, "_step": 2297, "validation_loss": 0.5278379399434788, "validation_acc": 0.006864403388733083, "train_loss": 0.20734558080884874, "train_acc": 0.009419735151729858, "gradients/graph_1layer.6.bias": {"_type": "histogram", "values": [1.0, 0.0, 0.0, 1.0, 0.0, 1.0, 0.0, 0.0, 0.0, 0.0, 2.0, 1.0, 0.0, 0.0, 0.0, 1.0, 1.0, 0.0, 1.0, 0.0, 0.0, 0.0, 1.0, 1.0, 0.0, 1.0, 2.0, 0.0, 0.0, 1.0, 0.0, 0.0, 0.0, 1.0, 0.0, 0.0, 1.0, 1.0, 1.0, 0.0, 0.0, 1.0, 2.0, 0.0, 1.0, 1.0, 1.0, 1.0, 1.0, 1.0, 0.0, 0.0, 1.0, 0.0, 0.0, 1.0, 0.0, 0.0, 0.0, 0.0, 1.0, 0.0, 0.0, 1.0], "bins": [-0.07336756587028503, -0.0705873891711235, -0.06780721247196198, -0.06502703577280045, -0.062246859073638916, -0.059466682374477386, -0.05668650567531586, -0.05390632897615433, -0.0511261522769928, -0.04834597557783127, -0.04556579887866974, -0.04278562217950821, -0.04000544548034668, -0.03722526878118515, -0.03444509208202362, -0.03166491538286209, -0.02888473868370056, -0.026104561984539032, -0.023324385285377502, -0.020544208586215973, -0.017764031887054443, -0.014983855187892914, -0.012203678488731384, -0.009423501789569855, -0.006643325090408325, -0.0038631483912467957, -0.0010829716920852661, 0.0016972050070762634, 0.004477381706237793, 0.0072575584053993225, 0.010037735104560852, 0.012817911803722382, 0.015598088502883911, 0.01837826520204544, 0.02115844190120697, 0.0239386186003685, 0.02671879529953003, 0.02949897199869156, 0.03227914869785309, 0.03505932539701462, 0.03783950209617615, 0.04061967879533768, 0.04339985549449921, 0.046180032193660736, 0.048960208892822266, 0.051740385591983795, 0.054520562291145325, 0.057300738990306854, 0.060080915689468384, 0.06286109238862991, 0.06564126908779144, 0.06842144578695297, 0.0712016224861145, 0.07398179918527603, 0.07676197588443756, 0.07954215258359909, 0.08232232928276062, 0.08510250598192215, 0.08788268268108368, 0.09066285938024521, 0.09344303607940674, 0.09622321277856827, 0.0990033894777298, 0.10178356617689133, 0.10456374287605286]}, "gradients/graph_1layer.6.weight": {"_type": "histogram", "values": [1.0, 0.0, 0.0, 0.0, 0.0, 0.0, 0.0, 0.0, 0.0, 0.0, 1.0, 0.0, 0.0, 0.0, 2.0, 1.0, 5.0, 1.0, 3.0, 9.0, 5.0, 8.0, 11.0, 12.0, 11.0, 18.0, 28.0, 28.0, 41.0, 44.0, 57.0, 82.0, 95.0, 121.0, 122.0, 617.0, 122.0, 100.0, 94.0, 69.0, 58.0, 52.0, 33.0, 29.0, 31.0, 28.0, 20.0, 16.0, 12.0, 12.0, 14.0, 6.0, 5.0, 7.0, 2.0, 3.0, 2.0, 3.0, 0.0, 3.0, 2.0, 0.0, 1.0, 1.0], "bins": [-0.02012348361313343, -0.019556716084480286, -0.01898995041847229, -0.018423182889819145, -0.017856415361166, -0.017289647832512856, -0.01672288030385971, -0.016156114637851715, -0.01558934710919857, -0.015022579580545425, -0.014455812983214855, -0.013889046385884285, -0.01332227885723114, -0.012755511328577995, -0.012188744731247425, -0.011621978133916855, -0.01105521060526371, -0.010488443076610565, -0.009921676479279995, -0.009354909881949425, -0.00878814235329628, -0.008221374824643135, -0.007654608227312565, -0.007087841164320707, -0.00652107410132885, -0.005954307038336992, -0.005387539975345135, -0.004820772912353277, -0.00425400584936142, -0.003687238786369562, -0.0031204717233777046, -0.002553704660385847, -0.0019869357347488403, -0.0014201686717569828, -0.0008534016087651253, -0.00028663454577326775, 0.0002801325172185898, 0.0008468995802104473, 0.0014136666432023048, 0.0019804337061941624, 0.00254720076918602, 0.0031139678321778774, 0.003680734895169735, 0.0042475019581615925, 0.00481426902115345, 0.0053810360841453075, 0.005947803147137165, 0.006514570210129023, 0.00708133727312088, 0.007648104336112738, 0.008214871399104595, 0.008781637996435165, 0.00934840552508831, 0.009915173053741455, 0.010481939651072025, 0.011048706248402596, 0.01161547377705574, 0.012182241305708885, 0.012749007903039455, 0.013315774500370026, 0.01388254202902317, 0.014449309557676315, 0.015016076155006886, 0.015582842752337456, 0.0161496102809906]}, "gradients/graph_1layer.3.bias": {"_type": "histogram", "values": [1.0, 0.0, 0.0, 0.0, 0.0, 0.0, 0.0, 0.0, 1.0, 1.0, 0.0, 0.0, 2.0, 0.0, 1.0, 0.0, 0.0, 0.0, 1.0, 1.0, 0.0, 0.0, 2.0, 2.0, 1.0, 1.0, 2.0, 1.0, 2.0, 5.0, 2.0, 2.0, 17.0, 1.0, 0.0, 1.0, 0.0, 2.0, 0.0, 0.0, 0.0, 2.0, 3.0, 0.0, 0.0, 1.0, 0.0, 1.0, 1.0, 1.0, 0.0, 0.0, 1.0, 1.0, 3.0, 0.0, 0.0, 0.0, 0.0, 0.0, 0.0, 0.0, 0.0, 1.0], "bins": [-0.23466753959655762, -0.22747564315795898, -0.22028374671936035, -0.21309185028076172, -0.20589995384216309, -0.19870805740356445, -0.19151616096496582, -0.1843242645263672, -0.17713236808776855, -0.16994047164916992, -0.1627485752105713, -0.15555667877197266, -0.14836478233337402, -0.1411728858947754, -0.13398098945617676, -0.12678909301757812, -0.1195971816778183, -0.11240528523921967, -0.10521338880062103, -0.0980214923620224, -0.09082959592342377, -0.08363769948482513, -0.0764457955956459, -0.06925389915704727, -0.06206200271844864, -0.054870106279850006, -0.04767820984125137, -0.04048630967736244, -0.03329441323876381, -0.026102516800165176, -0.018910616636276245, -0.011718720197677612, -0.0045268237590789795, 0.002665073610842228, 0.009856970980763435, 0.017048869282007217, 0.02424076572060585, 0.03143266215920448, 0.038624562323093414, 0.04581645876169205, 0.05300835520029068, 0.06020025163888931, 0.06739214807748795, 0.07458405196666718, 0.08177594840526581, 0.08896784484386444, 0.09615974128246307, 0.1033516377210617, 0.11054353415966034, 0.11773543059825897, 0.1249273270368576, 0.13211922347545624, 0.13931111991405487, 0.1465030163526535, 0.15369492769241333, 0.16088682413101196, 0.1680787205696106, 0.17527061700820923, 0.18246251344680786, 0.1896544098854065, 0.19684630632400513, 0.20403820276260376, 0.2112300992012024, 0.21842199563980103, 0.22561389207839966]}, "gradients/graph_1layer.3.weight": {"_type": "histogram", "values": [1.0, 0.0, 0.0, 0.0, 0.0, 0.0, 0.0, 2.0, 0.0, 0.0, 1.0, 1.0, 0.0, 0.0, 2.0, 2.0, 1.0, 2.0, 3.0, 3.0, 3.0, 5.0, 2.0, 4.0, 5.0, 4.0, 7.0, 6.0, 13.0, 24.0, 32.0, 40.0, 34.0, 47.0, 91.0, 123.0, 203.0, 482.0, 6326.0, 201.0, 151.0, 74.0, 77.0, 53.0, 37.0, 33.0, 22.0, 18.0, 12.0, 11.0, 8.0, 9.0, 4.0, 2.0, 2.0, 4.0, 1.0, 3.0, 0.0, 0.0, 0.0, 0.0, 0.0, 1.0], "bins": [-0.051199864596128464, -0.04985446482896805, -0.04850906878709793, -0.047163669019937515, -0.0458182692527771, -0.04447287321090698, -0.04312747344374657, -0.04178207367658615, -0.040436677634716034, -0.03909127786755562, -0.0377458818256855, -0.036400482058525085, -0.03505508229136467, -0.03370968624949455, -0.03236428648233414, -0.03101888857781887, -0.029673488810658455, -0.02832809090614319, -0.026982691138982773, -0.025637293234467506, -0.02429189532995224, -0.022946495562791824, -0.021601097658276558, -0.02025569975376129, -0.018910299986600876, -0.01756490208208561, -0.016219502314925194, -0.014874104410409927, -0.013528706505894661, -0.01218330767005682, -0.010837908834218979, -0.009492510929703712, -0.008147113025188446, -0.006801714655011892, -0.005456316284835339, -0.0041109174489974976, -0.002765519078820944, -0.00142012070864439, -7.472187280654907e-05, 0.0012706760317087173, 0.0026160748675465584, 0.003961473237723112, 0.005306871607899666, 0.006652270443737507, 0.007997669279575348, 0.009343067184090614, 0.010688466019928455, 0.012033863924443722, 0.013379262760281563, 0.014724661596119404, 0.016070060431957245, 0.01741545833647251, 0.018760856240987778, 0.020106256008148193, 0.02145165391266346, 0.022797051817178726, 0.024142451584339142, 0.025487849488854408, 0.026833249256014824, 0.02817864716053009, 0.029524045065045357, 0.030869442969560623, 0.03221484273672104, 0.033560238778591156, 0.03490563854575157]}, "gradients/graph_1layer.0.bias": {"_type": "histogram",