{"train.main": 3.1875522136688232, "train.dur": 0.9872992634773254, "train.total": 4.174851417541504, "train.time": 0.09836578369140625, "train.lr": 0.001, "_timestamp": 1672233722, "_runtime": 7, "_step": 8}