{"train.main": 1.6983155012130737, "train.dur": 0.5502535104751587, "train.total": 2.2485690116882324, "train.time": 0.11915326118469238, "train.lr": 0.001, "_timestamp": 1669012247, "_runtime": 36, "_step": 177}