{"train.total": 0.39947178959846497, "train.time": 0.22905731201171875, "_timestamp": 1674266830, "_runtime": 5, "_step": 3, "_wandb": {"runtime": 9}}