{"train.total": 0.49861782789230347, "train.time": 0.23119735717773438, "_timestamp": 1672470059, "_runtime": 9, "_step": 7, "_wandb": {"runtime": 11}}