{"train.total": 0.48795390129089355, "train.time": 19.988558053970337, "_timestamp": 1672325234, "_runtime": 265, "_step": 1}