{"train.total": 0.4992341995239258, "train.time": 0.21137022972106934, "_timestamp": 1672481709, "_runtime": 14, "_step": 7, "_wandb": {"runtime": 17}}