{"train.total": 0.3994618356227875, "train.time": 0.22817063331604004, "_timestamp": 1674267385, "_runtime": 5, "_step": 3, "_wandb": {"runtime": 15}}