{"train.total": 0.0838717445731163, "train.time": 0.22190570831298828, "_timestamp": 1672477738, "_runtime": 2918, "_step": 1799, "validation_loss": 0.5438454747200012, "validation_acc": 0.005194846287345849, "train_loss": 0.040096376151276945, "train_acc": 0.24557421682154584, "gradients/graph_1layer.6.bias": {"_type": "histogram", "values": [3.0, 0.0, 0.0, 1.0, 0.0, 1.0, 0.0, 1.0, 0.0, 0.0, 1.0, 0.0, 1.0, 0.0, 0.0, 1.0, 0.0, 0.0, 0.0, 1.0, 1.0, 3.0, 0.0, 0.0, 1.0, 0.0, 0.0, 1.0, 0.0, 0.0, 0.0, 1.0, 0.0, 1.0, 0.0, 1.0, 0.0, 0.0, 4.0, 2.0, 1.0, 1.0, 0.0, 1.0, 1.0, 0.0, 0.0, 0.0, 0.0, 0.0, 0.0, 0.0, 0.0, 1.0, 0.0, 0.0, 0.0, 0.0, 0.0, 0.0, 0.0, 1.0, 0.0, 1.0], "bins": [-0.044106654822826385, -0.042524900287389755, -0.04094314947724342, -0.03936139494180679, -0.03777964413166046, -0.03619788959622383, -0.0346161350607872, -0.03303438425064087, -0.03145262971520424, -0.029870877042412758, -0.028289124369621277, -0.026707369834184647, -0.025125617161393166, -0.023543864488601685, -0.021962111815810204, -0.020380359143018723, -0.01879860647022724, -0.01721685379743576, -0.01563510112464428, -0.014053347520530224, -0.012471593916416168, -0.010889841243624687, -0.009308088570833206, -0.0077263349667191505, -0.0061445822939276695, -0.004562829155474901, -0.0029810762498527765, -0.0013993233442306519, 0.00018242979422211647, 0.0017641829326748848, 0.003345935605466366, 0.0049276892095804214, 0.0065094418823719025, 0.008091194555163383, 0.009672948159277439, 0.01125470083206892, 0.012836454436182976, 0.014418207108974457, 0.015999959781765938, 0.01758171245455742, 0.01916346698999405, 0.02074521966278553, 0.02232697233557701, 0.02390872687101364, 0.025490479543805122, 0.027072232216596603, 0.028653984889388084, 0.030235737562179565, 0.0318174883723259, 0.03339924290776253, 0.03498099371790886, 0.03656274825334549, 0.03814449906349182, 0.03972625359892845, 0.04130800813436508, 0.042889758944511414, 0.044471513479948044, 0.046053268015384674, 0.047635018825531006, 0.049216773360967636, 0.05079852417111397, 0.0523802787065506, 0.05396202951669693, 0.05554378405213356, 0.05712553858757019]}, "gradients/graph_1layer.6.weight": {"_type": "histogram", "values": [1.0, 0.0, 0.0, 2.0, 1.0, 0.0, 2.0, 3.0, 4.0, 6.0, 3.0, 4.0, 9.0, 13.0, 4.0, 10.0, 10.0, 19.0, 32.0, 24.0, 31.0, 49.0, 57.0, 68.0, 90.0, 103.0, 125.0, 137.0, 172.0, 186.0, 219.0, 258.0, 1140.0, 218.0, 186.0, 160.0, 122.0, 118.0, 97.0, 79.0, 69.0, 51.0, 43.0, 27.0, 38.0, 15.0, 20.0, 17.0, 11.0, 8.0, 7.0, 6.0, 5.0, 3.0, 2.0, 1.0, 1.0, 2.0, 2.0, 1.0, 0.0, 1.0, 1.0, 3.0], "bins": [-0.002052929950878024, -0.00198884098790586, -0.001924751908518374, -0.001860662829130888, -0.0017965738661587238, -0.0017324849031865597, -0.0016683958237990737, -0.0016043067444115877, -0.0015402177814394236, -0.0014761288184672594, -0.0014120397390797734, -0.0013479506596922874, -0.0012838616967201233, -0.0012197727337479591, -0.0011556836543604732, -0.0010915945749729872, -0.001027505612000823, -0.000963416590820998, -0.0008993275696411729, -0.0008352385484613478, -0.0007711495272815228, -0.0007070605061016977, -0.0006429714849218726, -0.0005788824637420475, -0.0005147934425622225, -0.0004507044213823974, -0.00038661540020257235, -0.0003225263790227473, -0.0002584373578429222, -0.00019434833666309714, -0.00013025931548327208, -6.617029430344701e-05, -2.0812731236219406e-06, 6.200774805620313e-05, 0.0001260967692360282, 0.00019018579041585326, 0.00025427481159567833, 0.0003183638327755034, 0.00038245285395532846, 0.00044654187513515353, 0.0005106308963149786, 0.0005747199174948037, 0.0006388089386746287, 0.0007028979598544538, 0.0007669869810342789, 0.0008310760022141039, 0.000895165023393929, 0.0009592540445737541, 0.0010233430657535791, 0.0010874320287257433, 0.0011515211081132293, 0.0012156101875007153, 0.0012796991504728794, 0.0013437881134450436, 0.0014078771928325295, 0.0014719662722200155, 0.0015360552351921797, 0.0016001441981643438, 0.0016642332775518298, 0.0017283223569393158, 0.00179241131991148, 0.001856500282883644, 0.00192058936227113, 0.001984678441658616, 0.0020487674046307802]}, "gradients/graph_1layer.3.bias": {"_type": "histogram", "values": [1.0, 0.0, 0.0, 0.0, 0.0, 1.0, 1.0, 0.0, 2.0, 0.0, 0.0, 4.0, 3.0, 2.0, 2.0, 2.0, 4.0, 2.0, 6.0, 2.0, 3.0, 5.0, 2.0, 4.0, 0.0, 4.0, 31.0, 2.0, 2.0, 4.0, 5.0, 4.0, 5.0, 1.0, 4.0, 1.0, 2.0, 2.0, 2.0, 2.0, 1.0, 2.0, 0.0, 1.0, 1.0, 0.0, 1.0, 0.0, 0.0, 0.0, 0.0, 1.0, 0.0, 0.0, 1.0, 0.0, 1.0, 0.0, 1.0, 0.0, 0.0, 0.0, 0.0, 1.0], "bins": [-0.11593253910541534, -0.11152739077806473, -0.10712224245071411, -0.10271710157394409, -0.09831195324659348, -0.09390680491924286, -0.08950166404247284, -0.08509651571512222, -0.0806913673877716, -0.07628621906042099, -0.07188107073307037, -0.06747592985630035, -0.06307078152894974, -0.05866563320159912, -0.0542604885995388, -0.049855343997478485, -0.04545019567012787, -0.04104504734277725, -0.036639902740716934, -0.032234758138656616, -0.027829609811306, -0.023424463346600533, -0.019019316881895065, -0.014614170417189598, -0.01020902395248413, -0.005803877487778664, -0.0013987310230731964, 0.003006415441632271, 0.007411561906337738, 0.011816708371043205, 0.016221854835748672, 0.02062700130045414, 0.0250321626663208, 0.029437309131026268, 0.033842455595731735, 0.03824760019779205, 0.04265274852514267, 0.047057896852493286, 0.051463041454553604, 0.05586818605661392, 0.06027333438396454, 0.06467848271131516, 0.06908363103866577, 0.07348877191543579, 0.07789392024278641, 0.08229906857013702, 0.08670420944690704, 0.09110935777425766, 0.09551450610160828, 0.09991965442895889, 0.10432480275630951, 0.10872994363307953, 0.11313509196043015, 0.11754024028778076, 0.12194538116455078, 0.126350536942482, 0.13075567781925201, 0.13516081869602203, 0.13956597447395325, 0.14397111535072327, 0.1483762562274933, 0.1527814120054245, 0.15718655288219452, 0.16159170866012573, 0.16599684953689575]}, "gradients/graph_1layer.3.weight": {"_type": "histogram", "values": [1.0, 0.0, 2.0, 2.0, 0.0, 2.0, 0.0, 0.0, 1.0, 1.0, 3.0, 4.0, 5.0, 9.0, 6.0, 7.0, 13.0, 6.0, 8.0, 16.0, 17.0, 17.0, 25.0, 29.0, 26.0, 42.0, 61.0, 84.0, 151.0, 242.0, 419.0, 842.0, 1857.0, 18633.0, 6240.0, 1867.0, 916.0, 483.0, 252.0, 143.0, 93.0, 67.0, 46.0, 43.0, 27.0, 14.0, 14.0, 11.0, 3.0, 6.0, 3.0, 0.0, 0.0, 0.0, 1.0, 3.0, 2.0, 1.0, 0.0, 0.0, 0.0, 1.0, 0.0, 1.0], "bins": [-0.006680099759250879, -0.00648348918184638, -0.006286878138780594, -0.006090267561376095, -0.005893656983971596, -0.005697046406567097, -0.005500435829162598, -0.005303824786096811, -0.005107214208692312, -0.004910603631287813, -0.004713992588222027, -0.004517382010817528, -0.004320771433413029, -0.00412416085600853, -0.003927550278604031, -0.0037309392355382442, -0.003534328658133745, -0.003337718080729246, -0.0031411072704941034, -0.0029444964602589607, -0.0027478858828544617, -0.0025512753054499626, -0.00235466449521482, -0.002158053684979677, -0.001961443107575178, -0.0017648324137553573, -0.0015682217199355364, -0.0013716110261157155, -0.0011750003322958946, -0.0009783896384760737, -0.0007817789446562529, -0.000585168250836432, -0.0003885580226778984, -0.00019194732885807753, 4.663364961743355e-06, 0.00020127405878156424, 0.0003978847526013851, 0.000594495446421206, 0.0007911061402410269, 0.0009877168340608478, 0.0011843275278806686, 0.0013809382217004895, 0.0015775489155203104, 0.0017741596093401313, 0.001970770303159952, 0.0021673808805644512, 0.002363991690799594, 0.0025606025010347366, 0.0027572130784392357, 0.0029538236558437347, 0.0031504344660788774, 0.00334704527631402, 0.003543655853718519, 0.0037402664311230183, 0.003936877474188805, 0.004133488051593304, 0.004330098628997803, 0.004526709206402302, 0.004723319783806801, 0.004919930826872587, 0.005116541404277086, 0.005313151981681585, 0.005509763024747372, 0.005706373602151871, 0.00590298417955637]}, "gradients/graph_1layer.0.bias": {"_type": "histogram",