{"train_loss": 0.29990682005882263, "train.time": 6.5735533237457275, "_timestamp": 1676444086, "_runtime": 8, "_step": 0, "_wandb": {"runtime": 13}}