{"train.total": 0.299566388130188, "train.time": 2.8844830989837646, "_timestamp": 1674430796, "_runtime": 7, "_step": 0, "_wandb": {"runtime": 11}}