{"train.total": 0.07708444446325302, "train.time": 0.20076465606689453, "_timestamp": 1673562551, "_runtime": 28101, "_step": 17999, "validation_loss": 0.5693667531013489, "validation_acc": 0.007004853974503925, "train_loss": 0.04579219978431219, "train_acc": 0.17627063257438805, "gradients/graph_1layer.6.bias": {"_type": "histogram", "values": [2.0, 0.0, 1.0, 1.0, 0.0, 0.0, 0.0, 0.0, 0.0, 0.0, 0.0, 0.0, 1.0, 0.0, 0.0, 0.0, 0.0, 1.0, 1.0, 1.0, 0.0, 0.0, 0.0, 0.0, 1.0, 2.0, 0.0, 0.0, 3.0, 1.0, 2.0, 1.0, 2.0, 0.0, 0.0, 0.0, 1.0, 2.0, 0.0, 1.0, 1.0, 0.0, 0.0, 1.0, 0.0, 2.0, 1.0, 0.0, 0.0, 0.0, 0.0, 1.0, 0.0, 0.0, 0.0, 0.0, 0.0, 1.0, 0.0, 0.0, 0.0, 0.0, 0.0, 1.0], "bins": [-0.02146168239414692, -0.02077290415763855, -0.02008412405848503, -0.01939534582197666, -0.018706565722823143, -0.018017787486314774, -0.017329007387161255, -0.016640229150652885, -0.015951450914144516, -0.015262671746313572, -0.014573892578482628, -0.013885114341974258, -0.01319633424282074, -0.01250755600631237, -0.011818776838481426, -0.011129997670650482, -0.010441217571496964, -0.00975243840366602, -0.009063659235835075, -0.008374880999326706, -0.0076861013658344746, -0.0069973221980035305, -0.006308543495833874, -0.00561976432800293, -0.004930985160171986, -0.0042422059923410416, -0.003553427057340741, -0.0028646481223404408, -0.0021758689545094967, -0.0014870897866785526, -0.0007983110845088959, -0.00010953191667795181, 0.0005792491137981415, 0.0012680281652137637, 0.001956807216629386, 0.0026455861516296864, 0.0033343653194606304, 0.0040231444872915745, 0.004711923189461231, 0.005400702357292175, 0.006089481525123119, 0.006778260692954063, 0.0074670398607850075, 0.008155819028615952, 0.008844597265124321, 0.00953337736427784, 0.010222155600786209, 0.010910934768617153, 0.011599713936448097, 0.012288493104279041, 0.012977272272109985, 0.013666050508618355, 0.014354830607771873, 0.015043608844280243, 0.01573238894343376, 0.01642116717994213, 0.0171099454164505, 0.01779872365295887, 0.01848750375211239, 0.019176281988620758, 0.019865062087774277, 0.020553840324282646, 0.021242618560791016, 0.021931398659944534, 0.022620178759098053]}, "gradients/graph_1layer.6.weight": {"_type": "histogram", "values": [1.0, 0.0, 2.0, 0.0, 1.0, 0.0, 0.0, 0.0, 0.0, 1.0, 1.0, 0.0, 0.0, 0.0, 0.0, 0.0, 1.0, 1.0, 0.0, 2.0, 2.0, 4.0, 6.0, 7.0, 12.0, 18.0, 9.0, 22.0, 37.0, 37.0, 49.0, 58.0, 86.0, 92.0, 104.0, 136.0, 170.0, 457.0, 173.0, 115.0, 99.0, 68.0, 62.0, 44.0, 32.0, 33.0, 22.0, 28.0, 16.0, 10.0, 5.0, 7.0, 5.0, 2.0, 3.0, 1.0, 0.0, 2.0, 1.0, 0.0, 0.0, 0.0, 3.0, 1.0], "bins": [-0.0013140089577063918, -0.0012785864528268576, -0.0012431640643626451, -0.0012077416758984327, -0.0011723191710188985, -0.0011368966661393642, -0.0011014742776751518, -0.0010660518892109394, -0.0010306293843314052, -0.000995206879451871, -0.0009597844909876585, -0.0009243620443157852, -0.0008889395976439118, -0.0008535171509720385, -0.0008180947043001652, -0.0007826722576282918, -0.0007472498109564185, -0.0007118273642845452, -0.0006764049176126719, -0.0006409824709407985, -0.0006055600242689252, -0.0005701375775970519, -0.0005347151309251785, -0.0004992926842533052, -0.00046387023758143187, -0.00042844779090955853, -0.0003930253442376852, -0.00035760289756581187, -0.00032218045089393854, -0.0002867580042220652, -0.0002513355575501919, -0.00021591311087831855, -0.0001804905477911234, -0.00014506810111925006, -0.00010964565444737673, -7.42232077755034e-05, -3.8800761103630066e-05, -3.378314431756735e-06, 3.2044132240116596e-05, 6.746657891198993e-05, 0.00010288902558386326, 0.0001383114722557366, 0.00017373391892760992, 0.00020915636559948325, 0.0002445788122713566, 0.0002800012589432299, 0.00031542370561510324, 0.0003508461522869766, 0.0003862685989588499, 0.00042169104563072324, 0.00045711349230259657, 0.0004925359389744699, 0.0005279583856463432, 0.0005633808323182166, 0.0005988032789900899, 0.0006342257256619632, 0.0006696481723338366, 0.0007050706190057099, 0.0007404930656775832, 0.0007759155123494565, 0.0008113379590213299, 0.0008467604056932032, 0.0008821828523650765, 0.0009176052990369499, 0.0009530277457088232]}, "gradients/graph_1layer.3.bias": {"_type": "histogram", "values": [1.0, 0.0, 0.0, 0.0, 0.0, 2.0, 1.0, 0.0, 0.0, 0.0, 0.0, 2.0, 3.0, 0.0, 0.0, 1.0, 0.0, 0.0, 1.0, 3.0, 1.0, 1.0, 1.0, 2.0, 1.0, 1.0, 2.0, 1.0, 2.0, 1.0, 11.0, 3.0, 0.0, 1.0, 2.0, 2.0, 1.0, 3.0, 1.0, 1.0, 1.0, 3.0, 1.0, 1.0, 1.0, 2.0, 1.0, 1.0, 0.0, 0.0, 0.0, 0.0, 0.0, 0.0, 0.0, 0.0, 0.0, 0.0, 0.0, 0.0, 0.0, 0.0, 0.0, 1.0], "bins": [-0.08015873283147812, -0.0775560587644577, -0.07495338469743729, -0.07235071808099747, -0.06974804401397705, -0.06714536994695663, -0.06454269587993622, -0.0619400218129158, -0.059337351471185684, -0.05673467740416527, -0.05413200706243515, -0.051529332995414734, -0.04892665892839432, -0.0463239885866642, -0.043721314519643784, -0.041118644177913666, -0.03851597011089325, -0.03591329604387283, -0.033310625702142715, -0.0307079516351223, -0.028105279430747032, -0.025502607226371765, -0.02289993315935135, -0.020297260954976082, -0.017694588750600815, -0.015091916546225548, -0.012489243410527706, -0.009886570274829865, -0.0072838980704545975, -0.0046812258660793304, -0.002078552730381489, 0.0005241204053163528, 0.003126785159111023, 0.005729457829147577, 0.008332130499184132, 0.010934803634881973, 0.01353747583925724, 0.016140148043632507, 0.018742822110652924, 0.02134549431502819, 0.023948166519403458, 0.026550838723778725, 0.02915351092815399, 0.03175618499517441, 0.034358859062194824, 0.03696152940392494, 0.03956420347094536, 0.042166873812675476, 0.04476954787969589, 0.04737222194671631, 0.049974892288446426, 0.05257756635546684, 0.05518023669719696, 0.05778291076421738, 0.06038558483123779, 0.06298825889825821, 0.06559093296527863, 0.06819360703229904, 0.07079628109931946, 0.07339894771575928, 0.0760016217827797, 0.07860429584980011, 0.08120696991682053, 0.08380964398384094, 0.08641231060028076]}, "gradients/graph_1layer.3.weight": {"_type": "histogram", "values": [1.0, 0.0, 0.0, 0.0, 0.0, 0.0, 0.0, 0.0, 0.0, 0.0, 0.0, 0.0, 0.0, 0.0, 1.0, 0.0, 0.0, 0.0, 0.0, 1.0, 1.0, 0.0, 0.0, 0.0, 0.0, 2.0, 3.0, 0.0, 2.0, 0.0, 0.0, 1.0, 1.0, 3.0, 5.0, 4.0, 6.0, 9.0, 14.0, 14.0, 32.0, 113.0, 1097.0, 6641.0, 172.0, 40.0, 14.0, 8.0, 2.0, 0.0, 1.0, 1.0, 0.0, 0.0, 1.0, 0.0, 0.0, 0.0, 1.0, 0.0, 0.0, 0.0, 0.0, 1.0], "bins": [-0.02098575048148632, -0.020498894155025482, -0.020012035965919495, -0.019525179639458656, -0.019038323312997818, -0.01855146698653698, -0.01806461066007614, -0.017577752470970154, -0.017090896144509315, -0.016604039818048477, -0.01611718162894249, -0.01563032530248165, -0.015143468976020813, -0.014656612649559975, -0.014169755391776562, -0.013682898133993149, -0.01319604180753231, -0.012709185481071472, -0.01222232822328806, -0.011735470965504646, -0.011248614639043808, -0.01076175831258297, -0.010274901054799557, -0.009788043797016144, -0.009301187470555305, -0.008814331144094467, -0.008327473886311054, -0.007840616628527641, -0.007353760302066803, -0.006866903509944677, -0.006380046717822552, -0.005893189925700426, -0.005406334064900875, -0.0049194772727787495, -0.004432620480656624, -0.003945763688534498, -0.0034589068964123726, -0.002972050104290247, -0.0024851933121681213, -0.0019983365200459957, -0.00151147972792387, -0.0010246229358017445, -0.0005377661436796188, -5.090935155749321e-05, 0.0004359474405646324, 0.000922804232686758, 0.0014096610248088837, 0.0018965178169310093, 0.002383374609053135, 0.0028702314011752605, 0.003357088193297386, 0.003843944985419512, 0.004330801777541637, 0.004817658569663763, 0.005304515361785889, 0.005791372153908014, 0.00627822894603014, 0.0067650857381522655, 0.007251942530274391, 0.007738799322396517, 0.008225656114518642, 0.008712513372302055, 0.009199369698762894, 0.009686226025223732, 0.010173083283007145]}, "gradients/graph_1layer.0.bias": {"_type": "histogram",