{"train_loss": 0.08686874061822891, "train.time": 8.448203086853027, "_timestamp": 1675160060, "_runtime": 19462, "_step": 2252, "validation_loss": 0.3334448117709501, "validation_acc": 0.0060597609473042, "train_acc": 0.02323052332763518, "gradients/graph_1layer.6.bias": {"_type": "histogram", "values": [1.0, 0.0, 0.0, 0.0, 0.0, 0.0, 0.0, 0.0, 0.0, 1.0, 0.0, 0.0, 0.0, 1.0, 0.0, 2.0, 1.0, 3.0, 1.0, 1.0, 2.0, 2.0, 3.0, 2.0, 7.0, 5.0, 5.0, 9.0, 3.0, 8.0, 9.0, 9.0, 6.0, 12.0, 4.0, 6.0, 10.0, 17.0, 9.0, 8.0, 7.0, 9.0, 10.0, 12.0, 5.0, 7.0, 10.0, 7.0, 7.0, 8.0, 4.0, 3.0, 4.0, 0.0, 4.0, 3.0, 2.0, 2.0, 0.0, 1.0, 1.0, 2.0, 0.0, 1.0], "bins": [-0.006001965142786503, -0.005846068263053894, -0.005690171383321285, -0.005534274969249964, -0.005378378089517355, -0.005222481209784746, -0.005066584795713425, -0.004910687915980816, -0.004754791036248207, -0.004598894156515598, -0.0044429972767829895, -0.004287100862711668, -0.004131203982979059, -0.00397530710324645, -0.0038194104563444853, -0.00366351380944252, -0.0035076169297099113, -0.0033517200499773026, -0.0031958234030753374, -0.0030399267561733723, -0.0028840298764407635, -0.0027281329967081547, -0.0025722363498061895, -0.0024163397029042244, -0.0022604428231716156, -0.002104545943439007, -0.0019486492965370417, -0.0017927525332197547, -0.0016368557699024677, -0.0014809590065851808, -0.0013250622432678938, -0.0011691654799506068, -0.0010132687166333199, -0.0008573719533160329, -0.0007014751899987459, -0.000545578426681459, -0.000389681663364172, -0.00023378490004688501, -7.788813672959805e-05, 7.800862658768892e-05, 0.0002339053899049759, 0.00038980215322226286, 0.0005456989165395498, 0.0007015956798568368, 0.0008574924431741238, 0.0010133892064914107, 0.0011692859698086977, 0.0013251827331259847, 0.0014810794964432716, 0.0016369762597605586, 0.0017928730230778456, 0.0019487697863951325, 0.0021046665497124195, 0.0022605634294450283, 0.0024164600763469934, 0.0025723567232489586, 0.0027282536029815674, 0.002884150482714176, 0.0030400471296161413, 0.0031959437765181065, 0.0033518406562507153, 0.003507737535983324, 0.003663634182885289, 0.0038195308297872543, 0.003975427709519863]}, "gradients/graph_1layer.6.weight": {"_type": "histogram", "values": [1.0, 0.0, 0.0, 0.0, 0.0, 0.0, 2.0, 1.0, 5.0, 8.0, 4.0, 5.0, 5.0, 15.0, 15.0, 18.0, 39.0, 50.0, 65.0, 85.0, 119.0, 184.0, 294.0, 394.0, 596.0, 907.0, 1328.0, 1888.0, 2712.0, 3707.0, 5005.0, 6663.0, 13977.0, 7441.0, 5682.0, 4131.0, 3200.0, 2203.0, 1503.0, 1061.0, 699.0, 473.0, 323.0, 207.0, 144.0, 102.0, 73.0, 57.0, 37.0, 35.0, 18.0, 12.0, 13.0, 10.0, 6.0, 5.0, 5.0, 2.0, 1.0, 0.0, 0.0, 0.0, 0.0, 1.0], "bins": [-0.00014256095164455473, -0.00013819952437188476, -0.00013383811165113002, -0.00012947668437846005, -0.00012511525710579008, -0.00012075383710907772, -0.00011639241711236537, -0.0001120309898396954, -0.00010766956984298304, -0.00010330814984627068, -9.894672257360071e-05, -9.458530257688835e-05, -9.0223882580176e-05, -8.586245530750602e-05, -8.150103531079367e-05, -7.713961531408131e-05, -7.277818804141134e-05, -6.841676804469898e-05, -6.405534077202901e-05, -5.9693920775316656e-05, -5.533249714062549e-05, -5.097107350593433e-05, -4.660965350922197e-05, -4.224822987453081e-05, -3.788680623983964e-05, -3.352538260514848e-05, -2.916396078944672e-05, -2.480253897374496e-05, -2.0441115339053795e-05, -1.607969170436263e-05, -1.171826988866087e-05, -7.35684807295911e-06, -2.9954389901831746e-06, 1.3659837350132875e-06, 5.72740646020975e-06, 1.0088829185406212e-05, 1.4450251910602674e-05, 1.8811675545293838e-05, 2.3173097360995598e-05, 2.753451917669736e-05, 3.189594281138852e-05, 3.6257366446079686e-05, 4.061879008077085e-05, 4.498021007748321e-05, 4.934163371217437e-05, 5.3703057346865535e-05, 5.806447734357789e-05, 6.242589734029025e-05, 6.678732461296022e-05, 7.114874460967258e-05, 7.551017188234255e-05, 7.98715918790549e-05, 8.423301915172487e-05, 8.859443914843723e-05, 9.295585914514959e-05, 9.731728641781956e-05, 0.00010167870641453192, 0.00010604012641124427, 0.00011040155368391424, 0.0001147629736806266, 0.00011912439367733896, 0.00012348582095000893, 0.0001278472482226789, 0.00013220866094343364, 0.0001365700882161036]}, "gradients/graph_1layer.3.bias": {"_type": "histogram", "values": [1.0, 0.0, 0.0, 0.0, 0.0, 0.0, 0.0, 0.0, 0.0, 0.0, 1.0, 1.0, 1.0, 2.0, 3.0, 0.0, 1.0, 0.0, 1.0, 4.0, 2.0, 5.0, 4.0, 3.0, 4.0, 4.0, 13.0, 7.0, 8.0, 8.0, 17.0, 11.0, 14.0, 40.0, 13.0, 15.0, 11.0, 11.0, 12.0, 1.0, 4.0, 6.0, 3.0, 3.0, 2.0, 2.0, 4.0, 1.0, 2.0, 1.0, 2.0, 1.0, 0.0, 0.0, 2.0, 0.0, 0.0, 1.0, 0.0, 0.0, 1.0, 1.0, 0.0, 2.0], "bins": [-0.052164699882268906, -0.050609588623046875, -0.04905448108911514, -0.04749936982989311, -0.04594425857067108, -0.04438915103673935, -0.04283403977751732, -0.04127892851829529, -0.039723820984363556, -0.038168709725141525, -0.03661360219120979, -0.03505849093198776, -0.03350338339805603, -0.031948272138834, -0.03039316087961197, -0.028838051483035088, -0.027282942086458206, -0.025727832689881325, -0.024172723293304443, -0.022617612034082413, -0.02106250263750553, -0.01950739324092865, -0.01795228198170662, -0.016397172585129738, -0.014842063188552856, -0.013286953791975975, -0.011731843464076519, -0.010176733136177063, -0.008621623739600182, -0.007066513877362013, -0.005511404015123844, -0.003956293687224388, -0.002401188015937805, -0.0008460781536996365, 0.0007090317085385323, 0.002264141570776701, 0.0038192514330148697, 0.005374361295253038, 0.006929471157491207, 0.008484581485390663, 0.010039690881967545, 0.011594800278544426, 0.013149910606443882, 0.014705020934343338, 0.01626013033092022, 0.0178152397274971, 0.01937035098671913, 0.020925460383296013, 0.022480569779872894, 0.024035679176449776, 0.025590788573026657, 0.027145899832248688, 0.02870100922882557, 0.03025611862540245, 0.03181122988462448, 0.03336633741855621, 0.034921448677778244, 0.036476559937000275, 0.03803166747093201, 0.03958677873015404, 0.04114188998937607, 0.0426969975233078, 0.04425210878252983, 0.04580722004175186, 0.047362327575683594]}, "gradients/graph_1layer.3.weight": {"_type": "histogram", "values": [1.0, 0.0, 0.0, 0.0, 1.0, 0.0, 1.0, 0.0, 2.0, 1.0, 1.0, 1.0, 0.0, 4.0, 3.0, 7.0, 9.0, 8.0, 11.0, 14.0, 19.0, 26.0, 45.0, 72.0, 87.0, 171.0, 256.0, 369.0, 648.0, 1323.0, 3460.0, 47041.0, 7336.0, 2227.0, 953.0, 524.0, 313.0, 205.0, 135.0, 84.0, 59.0, 31.0, 21.0, 22.0, 13.0, 6.0, 8.0, 2.0, 1.0, 3.0, 5.0, 2.0, 0.0, 0.0, 1.0, 1.0, 1.0, 1.0, 0.0, 0.0, 0.0, 0.0, 0.0, 1.0],