{"validation_loss": 0.360991895198822, "validation_acc": 0.0030852095389520265, "train_loss": 0.12677766382694244, "train_acc": 0.003907455271489353, "train.time": 21.307458639144897, "_timestamp": 1674814780, "_runtime": 2080, "_step": 95, "_wandb": {"runtime": 2089}}