{"train.total": 0.4925420880317688, "train.time": 0.02268695831298828, "_timestamp": 1672385102, "_runtime": 12, "_step": 2}