{"train.total": 0.0845404714345932, "train.time": 0.2928590774536133, "_timestamp": 1673575910, "_runtime": 3506, "_step": 2249, "validation_loss": 0.43372711539268494, "validation_acc": 0.012219655755986004, "train_loss": 0.029565698747310642, "train_acc": 0.1138241453236117, "gradients/graph_1layer.6.bias": {"_type": "histogram", "values": [1.0, 1.0, 0.0, 1.0, 0.0, 0.0, 1.0, 0.0, 0.0, 0.0, 0.0, 1.0, 1.0, 0.0, 0.0, 1.0, 0.0, 0.0, 0.0, 1.0, 1.0, 1.0, 2.0, 3.0, 0.0, 0.0, 0.0, 2.0, 1.0, 1.0, 1.0, 1.0, 0.0, 2.0, 1.0, 2.0, 0.0, 0.0, 1.0, 0.0, 0.0, 0.0, 0.0, 3.0, 0.0, 0.0, 0.0, 0.0, 0.0, 0.0, 0.0, 0.0, 0.0, 0.0, 0.0, 0.0, 0.0, 0.0, 1.0, 0.0, 0.0, 0.0, 0.0, 1.0], "bins": [-0.1675412505865097, -0.16140976548194885, -0.155278280377388, -0.14914679527282715, -0.1430153101682663, -0.13688382506370544, -0.1307523548603058, -0.12462086230516434, -0.11848937720060349, -0.11235789209604263, -0.10622640699148178, -0.10009492933750153, -0.09396344423294067, -0.08783195912837982, -0.08170047402381897, -0.07556898891925812, -0.06943750381469727, -0.06330601871013641, -0.05717453360557556, -0.05104305222630501, -0.044911567121744156, -0.038780082017183304, -0.03264860063791275, -0.026517115533351898, -0.020385630428791046, -0.014254146255552769, -0.008122662082314491, -0.0019911788403987885, 0.004140306264162064, 0.010271791368722916, 0.01640327274799347, 0.02253475785255432, 0.02866622805595398, 0.03479771316051483, 0.040929198265075684, 0.04706067964434624, 0.05319216474890709, 0.05932364985346794, 0.0654551312327385, 0.07158661633729935, 0.0777181014418602, 0.08384958654642105, 0.0899810716509819, 0.09611254930496216, 0.10224403440952301, 0.10837551951408386, 0.11450700461864471, 0.12063848972320557, 0.12676997482776642, 0.13290145993232727, 0.13903294503688812, 0.14516443014144897, 0.15129591524600983, 0.15742740035057068, 0.16355887055397034, 0.16969037055969238, 0.17582184076309204, 0.1819533258676529, 0.18808481097221375, 0.1942162960767746, 0.20034778118133545, 0.2064792662858963, 0.21261075139045715, 0.2187422215938568, 0.22487372159957886]}, "gradients/graph_1layer.6.weight": {"_type": "histogram", "values": [1.0, 0.0, 0.0, 0.0, 1.0, 0.0, 0.0, 2.0, 1.0, 0.0, 4.0, 1.0, 3.0, 0.0, 4.0, 5.0, 3.0, 5.0, 9.0, 3.0, 8.0, 25.0, 10.0, 22.0, 28.0, 24.0, 33.0, 34.0, 48.0, 64.0, 54.0, 63.0, 77.0, 68.0, 93.0, 107.0, 521.0, 76.0, 73.0, 87.0, 71.0, 64.0, 65.0, 51.0, 32.0, 34.0, 30.0, 20.0, 25.0, 20.0, 16.0, 11.0, 18.0, 11.0, 6.0, 5.0, 1.0, 3.0, 0.0, 1.0, 1.0, 2.0, 3.0, 1.0], "bins": [-0.003050378989428282, -0.0029667671769857407, -0.0028831553645431995, -0.0027995435521006584, -0.0027159317396581173, -0.002632319927215576, -0.002548708114773035, -0.002465096302330494, -0.002381484489887953, -0.0022978726774454117, -0.0022142608650028706, -0.0021306490525603294, -0.0020470372401177883, -0.001963425427675247, -0.0018798134988173842, -0.0017962016863748431, -0.0017125897575169802, -0.001628977945074439, -0.001545366132631898, -0.0014617543201893568, -0.0013781425077468157, -0.0012945306953042746, -0.0012109187664464116, -0.0011273069540038705, -0.0010436951415613294, -0.0009600833291187882, -0.0008764715166762471, -0.0007928596460260451, -0.000709247833583504, -0.0006256360211409628, -0.0005420241504907608, -0.0004584123380482197, -0.0003748007584363222, -0.0002911889459937811, -0.0002075771044474095, -0.00012396526290103793, -4.035345045849681e-05, 4.3258361984044313e-05, 0.00012687023263424635, 0.00021048204507678747, 0.0002940938575193286, 0.0003777056699618697, 0.0004613175115082413, 0.0005449293530546129, 0.000628541165497154, 0.0007121529779396951, 0.0007957648485898972, 0.0008793766610324383, 0.0009629884734749794, 0.0010466002859175205, 0.0011302120983600616, 0.0012138239108026028, 0.0012974357232451439, 0.001381047535687685, 0.001464659464545548, 0.001548271276988089, 0.0016318830894306302, 0.0017154949018731713, 0.0017991067143157125, 0.0018827186431735754, 0.0019663304556161165, 0.0020499422680586576, 0.0021335540805011988, 0.00221716589294374, 0.002300777705386281]}, "gradients/graph_1layer.3.bias": {"_type": "histogram", "values": [2.0, 0.0, 1.0, 0.0, 0.0, 0.0, 0.0, 1.0, 0.0, 0.0, 0.0, 0.0, 0.0, 0.0, 2.0, 1.0, 0.0, 1.0, 0.0, 1.0, 2.0, 0.0, 2.0, 3.0, 1.0, 2.0, 2.0, 1.0, 2.0, 0.0, 1.0, 1.0, 3.0, 16.0, 0.0, 1.0, 0.0, 1.0, 0.0, 0.0, 0.0, 3.0, 1.0, 0.0, 1.0, 0.0, 1.0, 0.0, 0.0, 0.0, 0.0, 0.0, 3.0, 3.0, 0.0, 1.0, 1.0, 0.0, 1.0, 0.0, 1.0, 0.0, 0.0, 1.0], "bins": [-0.291864275932312, -0.2830409109592438, -0.27421751618385315, -0.2653941512107849, -0.2565707862377167, -0.24774740636348724, -0.2389240264892578, -0.23010066151618958, -0.22127728164196014, -0.2124539017677307, -0.20363053679466248, -0.19480715692043304, -0.1859837770462036, -0.17716041207313538, -0.16833703219890594, -0.1595136523246765, -0.15069028735160828, -0.14186690747737885, -0.1330435425043106, -0.12422016263008118, -0.11539679020643234, -0.10657341778278351, -0.09775003790855408, -0.08892666548490524, -0.08010329306125641, -0.07127992063760757, -0.06245654448866844, -0.05363316833972931, -0.044809795916080475, -0.03598642349243164, -0.027163047343492508, -0.018339671194553375, -0.009516298770904541, -0.0006929244846105576, 0.008130449801683426, 0.01695382408797741, 0.025777198374271393, 0.03460057079792023, 0.04342394694685936, 0.05224732309579849, 0.06107069551944733, 0.06989406794309616, 0.078717440366745, 0.08754082024097443, 0.09636419266462326, 0.1051875650882721, 0.11401094496250153, 0.12283431738615036, 0.1316576898097992, 0.14048106968402863, 0.14930443465709686, 0.1581278145313263, 0.16695117950439453, 0.17577455937862396, 0.1845979392528534, 0.19342130422592163, 0.20224468410015106, 0.2110680639743805, 0.21989142894744873, 0.22871480882167816, 0.2375381886959076, 0.24636155366897583, 0.25518491864204407, 0.2640083134174347, 0.27283167839050293]}, "gradients/graph_1layer.3.weight": {"_type": "histogram", "values": [1.0, 0.0, 0.0, 0.0, 0.0, 1.0, 0.0, 0.0, 1.0, 1.0, 2.0, 4.0, 1.0, 4.0, 3.0, 3.0, 3.0, 4.0, 3.0, 8.0, 8.0, 6.0, 8.0, 17.0, 22.0, 18.0, 41.0, 36.0, 75.0, 91.0, 172.0, 262.0, 550.0, 1210.0, 4192.0, 601.0, 298.0, 191.0, 107.0, 63.0, 44.0, 42.0, 27.0, 19.0, 13.0, 7.0, 4.0, 7.0, 6.0, 2.0, 0.0, 5.0, 0.0, 2.0, 0.0, 2.0, 1.0, 1.0, 1.0, 0.0, 0.0, 0.0, 1.0, 1.0], "bins": [-0.010215619578957558, -0.009915794245898724, -0.00961596891283989, -0.00931614264845848, -0.009016317315399647, -0.008716491982340813, -0.008416665717959404, -0.00811684038490057, -0.007817015051841736, -0.007517189718782902, -0.00721736392006278, -0.006917538121342659, -0.006617712788283825, -0.006317887455224991, -0.0060180616565048695, -0.005718235857784748, -0.005418410524725914, -0.00511858519166708, -0.0048187593929469585, -0.004518933594226837, -0.004219108261168003, -0.003919282928109169, -0.0036194571293890476, -0.00331963156349957, -0.003019805997610092, -0.0027199804317206144, -0.0024201548658311367, -0.002120329299941659, -0.0018205037340521812, -0.0015206781681627035, -0.0012208526022732258, -0.0009210270363837481, -0.0006212014704942703, -0.0003213759046047926, -2.1550338715314865e-05, 0.00027827522717416286, 0.0005781007930636406, 0.0008779263589531183, 0.001177751924842596, 0.0014775774907320738, 0.0017774030566215515, 0.0020772286225110292, 0.002377054188400507, 0.0026768797542899847, 0.0029767053201794624, 0.00327653088606894, 0.003576356451958418, 0.0038761820178478956, 0.004176007583737373, 0.004475832916796207, 0.004775658715516329, 0.00507548451423645, 0.005375309847295284, 0.005675135180354118, 0.00597496097907424, 0.006274786777794361, 0.006574612110853195, 0.006874437443912029, 0.007174263242632151, 0.007474089041352272, 0.007773914374411106, 0.00807373970746994, 0.008373565971851349, 0.008673391304910183, 0.008973216637969017]}, "gradients/graph_1layer.0.bias": {"_type": "histogram",