{"train.total": 0.4001920521259308, "train.time": 0.22786664962768555, "_timestamp": 1674266555, "_runtime": 5, "_step": 3, "_wandb": {"runtime": 9}}