{"train.total": 0.48795390129089355, "train.time": 0.05480194091796875, "_timestamp": 1672324821, "_runtime": 1, "_step": 1, "_wandb": {"runtime": 2}}