{"train.total": 0.07519940286874771, "train.time": 0.23360109329223633, "_timestamp": 1672481142, "_runtime": 2942, "_step": 1799, "validation_loss": 0.5246616005897522, "validation_acc": 0.009361304725465163, "train_loss": 0.04404546796510924, "train_acc": 0.22787986443001734, "gradients/graph_1layer.6.bias": {"_type": "histogram", "values": [3.0, 1.0, 0.0, 2.0, 1.0, 3.0, 4.0, 2.0, 3.0, 4.0, 4.0, 3.0, 11.0, 7.0, 6.0, 5.0, 9.0, 11.0, 9.0, 15.0, 10.0, 9.0, 5.0, 15.0, 10.0, 15.0, 15.0, 11.0, 15.0, 8.0, 12.0, 7.0, 10.0, 16.0, 11.0, 9.0, 7.0, 9.0, 21.0, 8.0, 16.0, 10.0, 14.0, 10.0, 18.0, 6.0, 11.0, 16.0, 11.0, 13.0, 7.0, 5.0, 6.0, 10.0, 9.0, 4.0, 5.0, 2.0, 4.0, 1.0, 3.0, 2.0, 2.0, 1.0], "bins": [-0.012454741634428501, -0.0120762400329113, -0.011697737500071526, -0.011319235898554325, -0.01094073336571455, -0.01056223176419735, -0.010183729231357574, -0.009805227629840374, -0.009426725097000599, -0.009048223495483398, -0.008669720962643623, -0.008291219361126423, -0.007912716828286648, -0.00753421476110816, -0.007155712693929672, -0.006777211092412472, -0.006398709025233984, -0.006020206958055496, -0.0056417048908770084, -0.005263202823698521, -0.004884700756520033, -0.004506198689341545, -0.004127697087824345, -0.003749194787815213, -0.0033706927206367254, -0.0029921906534582376, -0.00261368858627975, -0.0022351867519319057, -0.0018566845683380961, -0.0014781825011596084, -0.0010996805503964424, -0.0007211784832179546, -0.00034267641603946686, 3.582562203519046e-05, 0.0004143276601098478, 0.0007928296690806746, 0.0011713317362591624, 0.0015498338034376502, 0.0019283357542008162, 0.002306837821379304, 0.0026853398885577917, 0.0030638419557362795, 0.0034423440229147673, 0.0038208458572626114, 0.004199347924441099, 0.004577849991619587, 0.004956352058798075, 0.0053348541259765625, 0.00571335619315505, 0.006091858260333538, 0.006470360327512026, 0.006848862394690514, 0.007227364461869001, 0.007605866529047489, 0.00798436813056469, 0.008362870663404465, 0.008741372264921665, 0.009119873866438866, 0.00949837639927864, 0.009876878000795841, 0.010255380533635616, 0.010633882135152817, 0.011012384667992592, 0.011390886269509792, 0.011769388802349567]}, "gradients/graph_1layer.6.weight": {"_type": "histogram", "values": [1.0, 2.0, 2.0, 6.0, 5.0, 7.0, 5.0, 19.0, 19.0, 30.0, 30.0, 43.0, 64.0, 94.0, 119.0, 166.0, 217.0, 296.0, 371.0, 490.0, 662.0, 862.0, 1052.0, 1434.0, 1782.0, 2400.0, 2844.0, 3520.0, 4150.0, 4933.0, 14233.0, 4780.0, 4195.0, 3537.0, 2829.0, 2325.0, 1779.0, 1428.0, 1184.0, 881.0, 647.0, 498.0, 411.0, 297.0, 226.0, 196.0, 127.0, 83.0, 58.0, 52.0, 31.0, 35.0, 25.0, 17.0, 9.0, 8.0, 12.0, 4.0, 3.0, 0.0, 0.0, 0.0, 0.0, 1.0], "bins": [-0.00013349400251172483, -0.0001291230582864955, -0.00012475211406126618, -0.00012038118438795209, -0.00011601024016272277, -0.00011163929593749344, -0.00010726835898822173, -0.00010289742203895003, -9.85264778137207e-05, -9.415553358849138e-05, -8.978459663921967e-05, -8.541365968994796e-05, -8.104271546471864e-05, -7.667177123948932e-05, -7.230083429021761e-05, -6.79298973409459e-05, -6.355895311571658e-05, -5.918801252846606e-05, -5.4817071941215545e-05, -5.044613135396503e-05, -4.607519076671451e-05, -4.1704250179464e-05, -3.733330959221348e-05, -3.2962369004962966e-05, -2.859142841771245e-05, -2.4220487830461934e-05, -1.984954724321142e-05, -1.5478606655960903e-05, -1.1107666068710387e-05, -6.736725481459871e-06, -2.365784894209355e-06, 2.0051556930411607e-06, 6.3760962802916765e-06, 1.0747036867542192e-05, 1.5117977454792708e-05, 1.9488918042043224e-05, 2.385985862929374e-05, 2.8230799216544256e-05, 3.260173980379477e-05, 3.697268039104529e-05, 4.13436209782958e-05, 4.571456156554632e-05, 5.0085502152796835e-05, 5.445644274004735e-05, 5.8827383327297866e-05, 6.319832755252719e-05, 6.75692645017989e-05, 7.19402014510706e-05, 7.631114567629993e-05, 8.068208990152925e-05, 8.505302685080096e-05, 8.942396380007267e-05, 9.379490802530199e-05, 9.816585225053132e-05, 0.00010253678919980302, 0.00010690772614907473, 0.00011127867037430406, 0.00011564961459953338, 0.00012002055154880509, 0.0001243914884980768, 0.00012876243272330612, 0.00013313337694853544, 0.00013750430662184954, 0.00014187525084707886, 0.00014624619507230818]}, "gradients/graph_1layer.3.bias": {"_type": "histogram", "values": [2.0, 0.0, 0.0, 0.0, 0.0, 1.0, 0.0, 1.0, 0.0, 0.0, 1.0, 2.0, 0.0, 1.0, 2.0, 0.0, 0.0, 0.0, 0.0, 1.0, 1.0, 2.0, 2.0, 1.0, 2.0, 0.0, 4.0, 5.0, 3.0, 2.0, 3.0, 3.0, 1.0, 2.0, 5.0, 5.0, 2.0, 7.0, 23.0, 5.0, 3.0, 4.0, 2.0, 4.0, 4.0, 4.0, 0.0, 1.0, 4.0, 1.0, 0.0, 2.0, 2.0, 0.0, 3.0, 0.0, 1.0, 1.0, 0.0, 0.0, 1.0, 0.0, 1.0, 1.0], "bins": [-0.16453328728675842, -0.16022786498069763, -0.15592244267463684, -0.15161702036857605, -0.14731159806251526, -0.14300617575645447, -0.13870075345039368, -0.13439533114433289, -0.1300899088382721, -0.1257844865322113, -0.12147906422615051, -0.11717364192008972, -0.11286821961402893, -0.10856279730796814, -0.10425737500190735, -0.09995195269584656, -0.09564653038978577, -0.09134110808372498, -0.08703568577766418, -0.0827302634716034, -0.0784248411655426, -0.07411941885948181, -0.06981399655342102, -0.06550857424736023, -0.06120315194129944, -0.05689772963523865, -0.052592307329177856, -0.048286885023117065, -0.043981462717056274, -0.03967604041099548, -0.03537061810493469, -0.0310651957988739, -0.026759788393974304, -0.022454366087913513, -0.018148943781852722, -0.013843521475791931, -0.00953809916973114, -0.005232676863670349, -0.0009272545576095581, 0.003378167748451233, 0.007683590054512024, 0.011989012360572815, 0.016294434666633606, 0.020599856972694397, 0.024905279278755188, 0.02921070158481598, 0.03351612389087677, 0.03782154619693756, 0.04212696850299835, 0.04643239080905914, 0.050737813115119934, 0.055043235421180725, 0.059348657727241516, 0.06365408003330231, 0.0679595023393631, 0.07226492464542389, 0.07657034695148468, 0.08087576925754547, 0.08518119156360626, 0.08948661386966705, 0.09379203617572784, 0.09809745848178864, 0.10240288078784943, 0.10670830309391022, 0.11101372539997101]}, "gradients/graph_1layer.3.weight": {"_type": "histogram", "values": [1.0, 0.0, 0.0, 1.0, 0.0, 0.0, 0.0, 0.0, 0.0, 0.0, 1.0, 1.0, 0.0, 1.0, 0.0, 0.0, 1.0, 0.0, 0.0, 0.0, 1.0, 6.0, 4.0, 4.0, 2.0, 8.0, 6.0, 6.0, 15.0, 11.0, 19.0, 20.0, 30.0, 55.0, 74.0, 123.0, 196.0, 324.0, 704.0, 1857.0, 22133.0, 4634.0, 1295.0, 575.0, 297.0, 131.0, 89.0, 51.0, 30.0, 22.0, 11.0, 13.0, 5.0, 4.0, 2.0, 2.0, 1.0, 1.0, 0.0, 0.0, 0.0, 0.0, 0.0, 1.0], "bins": [-0.009700515307486057, -0.009462560527026653, -0.009224606677889824, -0.00898665189743042, -0.008748697116971016, -0.008510742336511612, -0.008272788487374783, -0.008034833706915379, -0.007796878926455975, -0.007558924611657858, -0.007320969831198454, -0.007083015516400337, -0.006845060735940933, -0.0066071064211428165, -0.0063691521063447, -0.006131197325885296, -0.005893243011087179, -0.0056552886962890625, -0.0054173339158296585, -0.005179379601031542, -0.004941424820572138, -0.004703470505774021, -0.004465515725314617, -0.0042275614105165005, -0.003989607095718384, -0.0037516525480896235, -0.003513698000460863, -0.0032757436856627464, -0.0030377889052033424, -0.0027998345904052258, -0.0025618800427764654, -0.002323925495147705, -0.002085970714688301, -0.0018480161670595407, -0.0016100616194307804, -0.001372107188217342, -0.0011341526405885816, -0.0008961980929598212, -0.0006582436617463827, -0.0004202891141176224, -0.00018233456648886204, 5.5619952036067843e-05, 0.0002935744705609977, 0.0005315289599820971, 0.0007694835076108575, 0.0010074380552396178, 0.0012453924864530563, 0.0014833470340818167, 0.001721301581710577, 0.0019592561293393373, 0.0021972106769680977, 0.0024351649917662144, 0.0026731197722256184, 0.002911074087023735, 0.0031490286346524954, 0.0033869831822812557, 0.003624937729910016, 0.0038628922775387764, 0.004100846592336893, 0.004338801372796297, 0.004576755687594414, 0.004814710468053818, 0.005052664782851934, 0.005290619097650051, 0.005528573878109455]},