{"train.total": 0.13718682527542114, "train.time": 0.015104055404663086, "_timestamp": 1673512975, "_runtime": 8805, "_step": 60499, "validation_loss": 0.5462826207602858, "validation_acc": 0.00847750002818932, "train_loss": 0.060149150616621114, "train_acc": 0.07984330311842558, "gradients/graph_1layer.6.bias": {"_type": "histogram", "values": [1.0, 1.0, 0.0, 0.0, 2.0, 1.0, 0.0, 0.0, 0.0, 0.0, 0.0, 2.0, 3.0, 1.0, 0.0, 0.0, 0.0, 0.0, 1.0, 0.0, 0.0, 0.0, 0.0, 1.0, 0.0, 1.0, 1.0, 0.0, 2.0, 0.0, 0.0, 0.0, 2.0, 0.0, 1.0, 1.0, 0.0, 1.0, 0.0, 1.0, 0.0, 0.0, 1.0, 0.0, 0.0, 0.0, 2.0, 1.0, 0.0, 3.0, 1.0, 0.0, 0.0, 0.0, 0.0, 0.0, 0.0, 0.0, 0.0, 0.0, 0.0, 0.0, 0.0, 1.0], "bins": [-0.009742303751409054, -0.00937762763351202, -0.009012951515614986, -0.008648275397717953, -0.008283599279820919, -0.007918923161923885, -0.007554247509688139, -0.007189571391791105, -0.006824895273894072, -0.006460219155997038, -0.006095543038100004, -0.005730867385864258, -0.005366191267967224, -0.00500151515007019, -0.004636839032173157, -0.004272162914276123, -0.003907486796379089, -0.0035428106784820557, -0.003178134560585022, -0.002813458675518632, -0.0024487825576215982, -0.0020841064397245646, -0.0017194305546581745, -0.0013547544367611408, -0.0009900783188641071, -0.0006254022591747344, -0.0002607261994853616, 0.00010394980199635029, 0.000468625919893384, 0.0008333020377904177, 0.0011979779228568077, 0.0015626540407538414, 0.001927330158650875, 0.0022920062765479088, 0.0026566823944449425, 0.0030213582795113325, 0.003386034397408366, 0.0037507105153054, 0.00411538640037179, 0.004480062518268824, 0.004844738636165857, 0.005209414754062891, 0.005574090871959925, 0.005938766524195671, 0.006303442642092705, 0.0066681187599897385, 0.007032794877886772, 0.007397470995783806, 0.0077621471136808395, 0.008126823231577873, 0.008491499349474907, 0.00885617546737194, 0.009220851585268974, 0.009585527703166008, 0.009950203821063042, 0.010314879938960075, 0.010679556056857109, 0.011044232174754143, 0.011408908292651176, 0.01177358441054821, 0.012138260528445244, 0.012502936646342278, 0.012867612764239311, 0.013232288882136345, 0.013596964068710804]}, "gradients/graph_1layer.6.weight": {"_type": "histogram", "values": [2.0, 4.0, 3.0, 2.0, 2.0, 1.0, 0.0, 3.0, 3.0, 5.0, 4.0, 6.0, 6.0, 11.0, 5.0, 10.0, 15.0, 20.0, 22.0, 22.0, 21.0, 36.0, 35.0, 47.0, 58.0, 78.0, 95.0, 143.0, 257.0, 391.0, 173.0, 104.0, 85.0, 87.0, 42.0, 40.0, 38.0, 33.0, 17.0, 16.0, 19.0, 18.0, 12.0, 8.0, 9.0, 5.0, 3.0, 5.0, 9.0, 3.0, 3.0, 1.0, 2.0, 2.0, 0.0, 2.0, 1.0, 0.0, 0.0, 2.0, 0.0, 0.0, 0.0, 2.0], "bins": [-0.0013399531599134207, -0.0012937795836478472, -0.0012476060073822737, -0.0012014324311167002, -0.0011552589712664485, -0.001109085395000875, -0.0010629118187353015, -0.001016738242469728, -0.0009705647244118154, -0.0009243911481462419, -0.0008782176300883293, -0.0008320440538227558, -0.0007858704775571823, -0.0007396969594992697, -0.0006935233832336962, -0.0006473498651757836, -0.0006011762889102101, -0.0005550027126446366, -0.000508829194586724, -0.00046265561832115054, -0.0004164820711594075, -0.00037030852399766445, -0.00032413494773209095, -0.0002779614005703479, -0.00023178785340860486, -0.00018561430624686182, -0.00013944074453320354, -9.326718281954527e-05, -4.7093635657802224e-05, -9.200884960591793e-07, 4.525348776951432e-05, 9.142703493125737e-05, 0.0001376005820930004, 0.00018377412925474346, 0.00022994769096840173, 0.00027612125268206, 0.00032229479984380305, 0.0003684683470055461, 0.0004146419232711196, 0.00046081547043286264, 0.0005069890175946057, 0.0005531625938601792, 0.0005993361119180918, 0.0006455096881836653, 0.0006916832644492388, 0.0007378567825071514, 0.0007840303587727249, 0.0008302038768306375, 0.000876377453096211, 0.0009225510293617845, 0.000968724547419697, 0.0010148980654776096, 0.0010610716417431831, 0.0011072452180087566, 0.0011534187942743301, 0.0011995923705399036, 0.0012457659468054771, 0.0012919395230710506, 0.0013381130993366241, 0.0013842866756021976, 0.0014304601354524493, 0.0014766337117180228, 0.0015228072879835963, 0.0015689808642491698, 0.0016151543240994215]}, "gradients/graph_1layer.3.bias": {"_type": "histogram", "values": [1.0, 0.0, 0.0, 0.0, 0.0, 0.0, 0.0, 0.0, 0.0, 0.0, 0.0, 1.0, 0.0, 0.0, 0.0, 0.0, 0.0, 0.0, 0.0, 0.0, 0.0, 0.0, 0.0, 0.0, 1.0, 0.0, 0.0, 0.0, 2.0, 0.0, 0.0, 0.0, 0.0, 2.0, 1.0, 2.0, 6.0, 4.0, 5.0, 11.0, 9.0, 2.0, 1.0, 2.0, 3.0, 1.0, 2.0, 1.0, 1.0, 1.0, 1.0, 0.0, 0.0, 2.0, 0.0, 0.0, 0.0, 0.0, 0.0, 0.0, 0.0, 0.0, 0.0, 2.0], "bins": [-0.12576445937156677, -0.12257887423038483, -0.11939328908920288, -0.11620769649744034, -0.11302211135625839, -0.10983652621507645, -0.1066509410738945, -0.10346534848213196, -0.10027976334095001, -0.09709417819976807, -0.09390859305858612, -0.09072300046682358, -0.08753741532564163, -0.08435183018445969, -0.08116624504327774, -0.0779806524515152, -0.07479506731033325, -0.0716094821691513, -0.06842389702796936, -0.06523830443620682, -0.06205271929502487, -0.058867134153842926, -0.05568154901266098, -0.052495960146188736, -0.04931037873029709, -0.04612479358911514, -0.0429392047226429, -0.03975361958146095, -0.03656803071498871, -0.03338244557380676, -0.030196858569979668, -0.027011271566152573, -0.02382568269968033, -0.020640095695853233, -0.01745450869202614, -0.014268922619521618, -0.011083335615694523, -0.007897749543190002, -0.004712162539362907, -0.0015265755355358124, 0.0016590114682912827, 0.004844598472118378, 0.008030185475945473, 0.011215771548449993, 0.014401358552277088, 0.01758694462478161, 0.020772531628608704, 0.0239581186324358, 0.027143705636262894, 0.03032929264008999, 0.033514879643917084, 0.03670046478509903, 0.039886053651571274, 0.04307163879275322, 0.046257227659225464, 0.04944281280040741, 0.052628397941589355, 0.0558139830827713, 0.058999571949243546, 0.06218515709042549, 0.06537074595689774, 0.06855633109807968, 0.07174191623926163, 0.07492750883102417, 0.07811309397220612]}, "gradients/graph_1layer.3.weight": {"_type": "histogram", "values": [1.0, 1.0, 0.0, 0.0, 0.0, 0.0, 0.0, 2.0, 1.0, 2.0, 1.0, 2.0, 3.0, 1.0, 3.0, 5.0, 2.0, 4.0, 8.0, 10.0, 20.0, 34.0, 32.0, 61.0, 95.0, 264.0, 7361.0, 93.0, 44.0, 46.0, 24.0, 15.0, 12.0, 7.0, 7.0, 6.0, 3.0, 3.0, 0.0, 4.0, 2.0, 1.0, 2.0, 1.0, 1.0, 2.0, 0.0, 0.0, 1.0, 1.0, 0.0, 2.0, 1.0, 0.0, 0.0, 0.0, 0.0, 0.0, 0.0, 0.0, 0.0, 0.0, 0.0, 1.0], "bins": [-0.006356813944876194, -0.006112835370004177, -0.00586885679513216, -0.005624878220260143, -0.005380899645388126, -0.0051369210705161095, -0.00489294296130538, -0.004648964386433363, -0.004404985811561346, -0.004161007236689329, -0.003917028661817312, -0.003673050319775939, -0.003429071744903922, -0.003185093170031905, -0.002941114827990532, -0.002697136253118515, -0.002453157678246498, -0.002209179103374481, -0.0019652005285024643, -0.001721222186461091, -0.0014772436115890741, -0.0012332650367170572, -0.0009892865782603621, -0.0007453081198036671, -0.0005013295449316502, -0.00025735102826729417, -1.3372511602938175e-05, 0.00023060600506141782, 0.0004745845217257738, 0.0007185630965977907, 0.0009625415550544858, 0.0012065200135111809, 0.0014504985883831978, 0.0016944771632552147, 0.0019384556217119098, 0.002182434080168605, 0.0024264126550406218, 0.0026703912299126387, 0.002914369571954012, 0.003158348146826029, 0.0034023267216980457, 0.0036463052965700626, 0.0038902838714420795, 0.0041342624463140965, 0.004378240555524826, 0.004622219130396843, 0.00486619770526886, 0.005110176280140877, 0.005354154855012894, 0.005598133429884911, 0.0058421120047569275, 0.006086090579628944, 0.006330069154500961, 0.006574047729372978, 0.006818025838583708, 0.007062004413455725, 0.007305982988327742, 0.0075499615631997585, 0.0077939401380717754, 0.008037918247282505, 0.008281896822154522, 0.008525875397026539, 0.008769853971898556, 0.009013832546770573, 0.00925781112164259]}, "gradients/graph_1layer.0.bias": {"_type": "histogram",