{"train.total": 0.4925420880317688, "train.time": 0.021573305130004883, "_timestamp": 1672385360, "_runtime": 3, "_step": 2}