{"train.total": 0.29990512132644653, "train.time": 3.4496724605560303, "_timestamp": 1674431447, "_runtime": 13, "_step": 0}