{"train_loss": 0.11709114164113998, "train.time": 6.212885141372681, "_timestamp": 1675403245, "_runtime": 189, "_step": 29, "validation_loss": 0.29998499155044556, "validation_acc": 0.007709808503233117, "train_acc": 0.0008363045818065637}