{"train.total": 0.0018695046892389655, "train.time": 0.020908594131469727, "_timestamp": 1672457612, "_runtime": 2941, "_step": 36299, "validation_loss": 0.5308414948137113, "validation_acc": 0.054245283018867926, "gradients/graph_1layer.4.bias": {"_type": "histogram", "values": [4.0, 0.0, 1.0, 1.0, 1.0, 1.0, 0.0, 0.0, 0.0, 0.0, 1.0, 0.0, 0.0, 1.0, 0.0, 4.0, 2.0, 4.0, 1.0, 2.0, 3.0, 1.0, 4.0, 3.0, 2.0, 6.0, 4.0, 3.0, 4.0, 4.0, 5.0, 2.0, 1.0, 3.0, 4.0, 1.0, 5.0, 1.0, 3.0, 1.0, 3.0, 3.0, 2.0, 4.0, 2.0, 4.0, 3.0, 2.0, 2.0, 2.0, 2.0, 4.0, 2.0, 1.0, 2.0, 0.0, 1.0, 1.0, 0.0, 1.0, 0.0, 2.0, 1.0, 1.0], "bins": [-0.000771426479332149, -0.0007490482530556619, -0.0007266700267791748, -0.0007042918005026877, -0.0006819135742262006, -0.0006595354061573744, -0.0006371571216732264, -0.0006147789536044002, -0.000592400727327913, -0.0005700225010514259, -0.0005476442747749388, -0.0005252660484984517, -0.0005028878222219646, -0.00048050962504930794, -0.00045813139877282083, -0.0004357532016001642, -0.0004133749462198466, -0.0003909967199433595, -0.0003686184936668724, -0.0003462402964942157, -0.0003238620702177286, -0.0003014838439412415, -0.0002791056176647544, -0.0002567273913882673, -0.0002343491796636954, -0.00021197095338720828, -0.0001895927416626364, -0.0001672145153861493, -0.00014483628910966218, -0.0001224580773850903, -0.00010007985110860318, -7.77016393840313e-05, -5.5323413107544184e-05, -3.2945194107014686e-05, -1.0566971468506381e-05, 1.1811251170001924e-05, 3.418947017053142e-05, 5.656768917106092e-05, 7.894591544754803e-05, 0.00010132412717211992, 0.00012370235344860703, 0.00014608057972509414, 0.00016845879144966602, 0.00019083701772615314, 0.00021321524400264025, 0.00023559345572721213, 0.00025797169655561447, 0.0002803498937282711, 0.00030272812000475824, 0.00032510634628124535, 0.00034748457255773246, 0.0003698627697303891, 0.00039224099600687623, 0.00041461922228336334, 0.00043699744855985045, 0.00045937567483633757, 0.0004817539011128247, 0.0005041321273893118, 0.0005265103536657989, 0.000548888579942286, 0.0005712668062187731, 0.0005936450324952602, 0.0006160232005640864, 0.0006384014268405735, 0.0006607796531170607]}, "gradients/graph_1layer.4.weight": {"_type": "histogram", "values": [1.0, 0.0, 0.0, 0.0, 0.0, 0.0, 1.0, 2.0, 1.0, 1.0, 4.0, 0.0, 2.0, 3.0, 6.0, 15.0, 13.0, 18.0, 34.0, 35.0, 64.0, 74.0, 103.0, 126.0, 179.0, 258.0, 323.0, 408.0, 508.0, 662.0, 795.0, 953.0, 1426.0, 6176.0, 936.0, 770.0, 593.0, 497.0, 320.0, 300.0, 206.0, 140.0, 137.0, 89.0, 60.0, 47.0, 41.0, 15.0, 13.0, 9.0, 3.0, 9.0, 0.0, 1.0, 1.0, 1.0, 0.0, 1.0, 0.0, 2.0, 0.0, 0.0, 0.0, 2.0], "bins": [-0.000216358617763035, -0.00020980303816031665, -0.00020324747310951352, -0.00019669189350679517, -0.00019013631390407681, -0.00018358073430135846, -0.0001770251546986401, -0.00017046958964783698, -0.00016391401004511863, -0.00015735843044240028, -0.00015080286539159715, -0.0001442472857888788, -0.00013769170618616045, -0.0001311361265834421, -0.00012458054698072374, -0.00011802498192992061, -0.00011146940232720226, -0.00010491382272448391, -9.835825039772317e-05, -9.180267807096243e-05, -8.524709846824408e-05, -7.869151886552572e-05, -7.213594653876498e-05, -6.558037421200424e-05, -5.902479460928589e-05, -5.2469218644546345e-05, -4.59136426798068e-05, -3.935806671506725e-05, -3.2802490750327706e-05, -2.624691478558816e-05, -1.9691338820848614e-05, -1.3135762856109068e-05, -6.58020144328475e-06, -2.4625478545203805e-08, 6.530950486194342e-06, 1.3086526450933889e-05, 1.9642102415673435e-05, 2.619767838041298e-05, 3.275325434515253e-05, 3.930883030989207e-05, 4.586440627463162e-05, 5.2419982239371166e-05, 5.897555820411071e-05, 6.553113053087145e-05, 7.20867101335898e-05, 7.864228973630816e-05, 8.51978620630689e-05, 9.175343438982964e-05, 9.830901399254799e-05, 0.00010486459359526634, 0.00011142016592202708, 0.00011797573824878782, 0.00012453131785150617, 0.00013108689745422453, 0.00013764246250502765, 0.000144198042107746, 0.00015075362171046436, 0.0001573092013131827, 0.00016386478091590106, 0.0001704203459667042, 0.00017697592556942254, 0.0001835315051721409, 0.00019008707022294402, 0.00019664264982566237, 0.00020319822942838073]}, "gradients/graph_1layer.2.bias": {"_type": "histogram", "values": [1.0, 0.0, 0.0, 0.0, 0.0, 0.0, 0.0, 0.0, 1.0, 0.0, 0.0, 1.0, 0.0, 0.0, 1.0, 1.0, 0.0, 1.0, 3.0, 1.0, 5.0, 1.0, 2.0, 3.0, 2.0, 5.0, 6.0, 2.0, 5.0, 2.0, 43.0, 7.0, 3.0, 3.0, 4.0, 4.0, 1.0, 4.0, 4.0, 2.0, 0.0, 2.0, 1.0, 0.0, 0.0, 0.0, 1.0, 0.0, 2.0, 1.0, 0.0, 0.0, 1.0, 0.0, 0.0, 0.0, 1.0, 0.0, 0.0, 0.0, 0.0, 0.0, 0.0, 1.0], "bins": [-0.0044445861130952835, -0.004300350788980722, -0.004156114999204874, -0.004011879675090313, -0.0038676438853144646, -0.0037234085611999035, -0.0035791730042546988, -0.003434937447309494, -0.0032907018903642893, -0.0031464663334190845, -0.00300223077647388, -0.002857995219528675, -0.002713759895414114, -0.0025695241056382656, -0.0024252887815237045, -0.0022810532245785, -0.002136817667633295, -0.0019925821106880903, -0.0018483465537428856, -0.0017041111132130027, -0.001559875556267798, -0.0014156399993225932, -0.0012714045587927103, -0.0011271690018475056, -0.0009829334449023008, -0.0008386978879570961, -0.0006944623892195523, -0.0005502268904820085, -0.0004059913335368037, -0.000261755776591599, -0.00011752027785405517, 2.6715220883488655e-05, 0.0001709512434899807, 0.000315186771331355, 0.00045942229917272925, 0.0006036577979102731, 0.0007478933548554778, 0.0008921289118006825, 0.0010363643523305655, 0.0011805999092757702, 0.001324835466220975, 0.0014690710231661797, 0.0016133065801113844, 0.0017575420206412673, 0.001901777577586472, 0.0020460132509469986, 0.0021902485750615597, 0.0023344841320067644, 0.002478719688951969, 0.002622955245897174, 0.0027671908028423786, 0.0029114263597875834, 0.003055661916732788, 0.003199897240847349, 0.003344132797792554, 0.0034883683547377586, 0.0036326039116829634, 0.003776839468628168, 0.003921074792742729, 0.004065310582518578, 0.004209545906633139, 0.004353781696408987, 0.004498017020523548, 0.0046422528102993965, 0.004786488134413958]}, "gradients/graph_1layer.2.weight": {"_type": "histogram", "values": [1.0, 0.0, 0.0, 0.0, 0.0, 0.0, 0.0, 0.0, 1.0, 1.0, 1.0, 0.0, 4.0, 4.0, 0.0, 4.0, 5.0, 3.0, 7.0, 14.0, 17.0, 22.0, 33.0, 37.0, 46.0, 88.0, 120.0, 194.0, 244.0, 360.0, 545.0, 783.0, 1259.0, 2068.0, 20227.0, 2574.0, 1325.0, 876.0, 593.0, 390.0, 263.0, 224.0, 130.0, 87.0, 77.0, 32.0, 27.0, 18.0, 13.0, 12.0, 8.0, 2.0, 2.0, 6.0, 3.0, 6.0, 3.0, 2.0, 2.0, 0.0, 0.0, 3.0, 0.0, 2.0],