{"train_loss": 0.09992828965187073, "train.time": 4.405407905578613, "_timestamp": 1676511869, "_runtime": 6, "_step": 0, "_wandb": {"runtime": 25}}