{"train_loss": 0.29987290501594543, "train.time": 3.8656256198883057, "_timestamp": 1676183169, "_runtime": 63, "_step": 15, "loss": 0.3000068664550781, "MRR": 0.007332533271206614, "nDCG": 0.9527695101093154, "_wandb": {"runtime": 65}}