{"train.total": 0.06292834877967834, "train.time": 0.19550299644470215, "_timestamp": 1672492217, "_runtime": 7015, "_step": 4499, "validation_loss": 0.5229208469390869, "validation_acc": 0.014406368965539327, "train_loss": 0.03429503362162792, "train_acc": 0.30548127819260584, "gradients/graph_1layer.6.bias": {"_type": "histogram", "values": [1.0, 0.0, 0.0, 1.0, 1.0, 1.0, 0.0, 3.0, 3.0, 2.0, 8.0, 2.0, 2.0, 5.0, 4.0, 3.0, 3.0, 6.0, 8.0, 5.0, 4.0, 8.0, 7.0, 6.0, 5.0, 6.0, 12.0, 4.0, 8.0, 6.0, 11.0, 8.0, 7.0, 9.0, 3.0, 5.0, 6.0, 13.0, 5.0, 7.0, 5.0, 4.0, 6.0, 2.0, 4.0, 5.0, 2.0, 4.0, 4.0, 6.0, 1.0, 1.0, 2.0, 3.0, 3.0, 1.0, 2.0, 1.0, 0.0, 0.0, 0.0, 1.0, 0.0, 1.0], "bins": [-0.010397538542747498, -0.010047778487205505, -0.009698018431663513, -0.009348258376121521, -0.008998498320579529, -0.008648738265037537, -0.008298978209495544, -0.007949218153953552, -0.00759945809841156, -0.007249698042869568, -0.006899937987327576, -0.0065501779317855835, -0.006200417876243591, -0.005850657820701599, -0.005500897765159607, -0.005151137709617615, -0.0048013776540756226, -0.00445161759853363, -0.004101857542991638, -0.003752097487449646, -0.003402337431907654, -0.0030525773763656616, -0.0027028173208236694, -0.0023530572652816772, -0.002003297209739685, -0.0016535371541976929, -0.0013037770986557007, -0.0009540170431137085, -0.0006042569875717163, -0.0002544969320297241, 9.526312351226807e-05, 0.00044502317905426025, 0.0007947832345962524, 0.0011445432901382446, 0.0014943033456802368, 0.001844063401222229, 0.002193823456764221, 0.0025435835123062134, 0.0028933435678482056, 0.0032431036233901978, 0.00359286367893219, 0.003942623734474182, 0.004292383790016174, 0.0046421438455581665, 0.004991903901100159, 0.005341663956642151, 0.005691424012184143, 0.006041184067726135, 0.0063909441232681274, 0.00674070417881012, 0.007090464234352112, 0.007440224289894104, 0.007789984345436096, 0.008139744400978088, 0.00848950445652008, 0.008839264512062073, 0.009189024567604065, 0.009538784623146057, 0.00988854467868805, 0.010238304734230042, 0.010588064789772034, 0.010937824845314026, 0.011287584900856018, 0.01163734495639801, 0.011987105011940002]}, "gradients/graph_1layer.6.weight": {"_type": "histogram", "values": [1.0, 0.0, 0.0, 0.0, 0.0, 1.0, 2.0, 0.0, 1.0, 2.0, 5.0, 8.0, 9.0, 16.0, 12.0, 24.0, 30.0, 66.0, 67.0, 106.0, 132.0, 177.0, 252.0, 336.0, 411.0, 469.0, 650.0, 818.0, 987.0, 1322.0, 1591.0, 1992.0, 2446.0, 7196.0, 3042.0, 2316.0, 1811.0, 1446.0, 1153.0, 844.0, 732.0, 543.0, 399.0, 345.0, 277.0, 175.0, 145.0, 92.0, 91.0, 65.0, 58.0, 34.0, 27.0, 23.0, 8.0, 3.0, 5.0, 0.0, 2.0, 1.0, 1.0, 0.0, 0.0, 1.0], "bins": [-0.00017372284492012113, -0.00016860773030202836, -0.00016349261568393558, -0.0001583775010658428, -0.00015326238644775003, -0.00014814727182965726, -0.0001430321717634797, -0.00013791705714538693, -0.00013280194252729416, -0.00012768682790920138, -0.0001225717132911086, -0.00011745659867301583, -0.00011234148405492306, -0.00010722636943683028, -0.00010211126209469512, -9.699614747660235e-05, -9.188102558255196e-05, -8.676591096445918e-05, -8.16507963463664e-05, -7.653568172827363e-05, -7.142056711018085e-05, -6.630545249208808e-05, -6.119034514995292e-05, -5.607523053186014e-05, -5.096011591376737e-05, -4.584500129567459e-05, -4.072988667758182e-05, -3.561477569746785e-05, -3.0499661079375073e-05, -2.5384546461282298e-05, -2.026943548116833e-05, -1.5154320863075554e-05, -1.0039206244982779e-05, -4.9240925363847055e-06, 1.9102117221336812e-07, 5.30613397131674e-06, 1.0421248589409515e-05, 1.553636320750229e-05, 2.065147418761626e-05, 2.5766588805709034e-05, 3.088170342380181e-05, 3.5996818041894585e-05, 4.111193265998736e-05, 4.622704364010133e-05, 5.1342158258194104e-05, 5.645727287628688e-05, 6.157238385640085e-05, 6.668749847449362e-05, 7.18026130925864e-05, 7.691772771067917e-05, 8.203284232877195e-05, 8.714795694686472e-05, 9.22630715649575e-05, 9.737818618305027e-05, 0.00010249329352518544, 0.00010760840814327821, 0.00011272352276137099, 0.00011783863737946376, 0.00012295374472159892, 0.0001280688593396917, 0.00013318397395778447, 0.00013829908857587725, 0.00014341420319397002, 0.0001485293178120628, 0.00015364443243015558]}, "gradients/graph_1layer.3.bias": {"_type": "histogram", "values": [1.0, 0.0, 0.0, 0.0, 0.0, 0.0, 0.0, 0.0, 0.0, 0.0, 0.0, 0.0, 0.0, 0.0, 0.0, 0.0, 0.0, 0.0, 0.0, 0.0, 1.0, 0.0, 0.0, 0.0, 0.0, 0.0, 1.0, 0.0, 0.0, 1.0, 1.0, 1.0, 1.0, 0.0, 2.0, 0.0, 3.0, 2.0, 2.0, 5.0, 4.0, 9.0, 6.0, 7.0, 23.0, 14.0, 7.0, 7.0, 4.0, 4.0, 5.0, 4.0, 3.0, 2.0, 2.0, 1.0, 0.0, 1.0, 1.0, 0.0, 1.0, 1.0, 0.0, 1.0], "bins": [-0.15787345170974731, -0.15433253347873688, -0.15079161524772644, -0.1472507119178772, -0.14370979368686676, -0.14016887545585632, -0.1366279572248459, -0.13308703899383545, -0.129546120762825, -0.12600520253181458, -0.12246429175138474, -0.1189233735203743, -0.11538245528936386, -0.11184154450893402, -0.10830062627792358, -0.10475970804691315, -0.1012187972664833, -0.09767787903547287, -0.09413696825504303, -0.09059605002403259, -0.08705513179302216, -0.08351421356201172, -0.07997330278158188, -0.07643238455057144, -0.0728914737701416, -0.06935055553913116, -0.06580964475870132, -0.06226872652769089, -0.05872780829668045, -0.05518689379096031, -0.05164597928524017, -0.048105061054229736, -0.0445641353726387, -0.041023220866918564, -0.03748230263590813, -0.03394138813018799, -0.0304004717618227, -0.026859555393457413, -0.023318640887737274, -0.019777724519371986, -0.0162368081510067, -0.01269589178264141, -0.009154976345598698, -0.0056140609085559845, -0.0020731445401906967, 0.001467771828174591, 0.00500868633389473, 0.008549602702260017, 0.012090519070625305, 0.015631435438990593, 0.01917235180735588, 0.02271326631307602, 0.026254182681441307, 0.029795099049806595, 0.03333601355552673, 0.03687693178653717, 0.04041784629225731, 0.04395876079797745, 0.047499679028987885, 0.05104059353470802, 0.05458150804042816, 0.0581224262714386, 0.06166334077715874, 0.06520425528287888, 0.06874517351388931]}, "gradients/graph_1layer.3.weight": {"_type": "histogram", "values": [1.0, 0.0, 0.0, 0.0, 0.0, 0.0, 0.0, 0.0, 1.0, 0.0, 0.0, 1.0, 1.0, 0.0, 1.0, 1.0, 2.0, 3.0, 3.0, 1.0, 5.0, 5.0, 9.0, 7.0, 9.0, 13.0, 15.0, 26.0, 38.0, 70.0, 123.0, 347.0, 864.0, 4046.0, 24750.0, 1460.0, 530.0, 208.0, 96.0, 47.0, 21.0, 24.0, 9.0, 7.0, 6.0, 3.0, 1.0, 5.0, 3.0, 3.0, 0.0, 1.0, 0.0, 0.0, 0.0, 0.0, 0.0, 0.0, 0.0, 0.0, 0.0, 0.0, 1.0, 1.0], "bins": [-0.006750355940312147, -0.006552715785801411, -0.006355075165629387, -0.0061574350111186504, -0.005959794856607914, -0.00576215423643589, -0.005564514081925154, -0.005366873927414417, -0.0051692333072423935, -0.004971593152731657, -0.004773952532559633, -0.004576312378048897, -0.004378671757876873, -0.0041810316033661366, -0.0039833914488554, -0.00378575106151402, -0.00358811067417264, -0.0033904702868312597, -0.0031928298994898796, -0.002995189744979143, -0.002797549357637763, -0.002599908970296383, -0.0024022688157856464, -0.0022046284284442663, -0.002006988041102886, -0.001809347653761506, -0.0016117073828354478, -0.0014140671119093895, -0.0012164267245680094, -0.0010187863372266293, -0.000821146066300571, -0.0006235057953745127, -0.00042586494237184525, -0.00022822461323812604, -3.0584284104406834e-05, 0.00016705604502931237, 0.0003646963741630316, 0.0005623367615044117, 0.00075997703243047, 0.0009576173033565283, 0.0011552576906979084, 0.0013528980780392885, 0.0015505383489653468, 0.001748178619891405, 0.0019458190072327852, 0.0021434593945741653, 0.002341099549084902, 0.002538739936426282, 0.002736380323767662, 0.002934020711109042, 0.0031316610984504223, 0.0033293012529611588, 0.003526941640302539, 0.003724582027643919, 0.0039222221821546555, 0.004119862802326679, 0.004317502956837416, 0.004515143111348152, 0.004712783731520176, 0.004910423886030912, 0.005108064040541649, 0.005305704660713673, 0.005503344815224409, 0.005700984969735146, 0.005898625589907169]}, "gradients/graph_1layer.0.bias": {"_type": "histogram",