{"train.total": 0.4006787836551666, "train.time": 0.26213765144348145, "_timestamp": 1674278656, "_runtime": 12, "_step": 1}