{"train.total": 0.4991699159145355, "train.time": 0.45940709114074707, "_timestamp": 1672651279, "_runtime": 11219, "_step": 7178, "validation_loss": 0.49843916296958923, "validation_acc": 0.010485664203390123, "train_loss": 0.5004106963982089, "train_acc": 0.0011939133845189026, "gradients/graph_1layer.6.bias": {"_type": "histogram", "values": [1.0, 0.0, 0.0, 0.0, 0.0, 1.0, 1.0, 3.0, 1.0, 1.0, 3.0, 5.0, 2.0, 3.0, 2.0, 5.0, 7.0, 6.0, 5.0, 2.0, 9.0, 3.0, 9.0, 6.0, 6.0, 9.0, 9.0, 8.0, 7.0, 12.0, 7.0, 10.0, 6.0, 7.0, 6.0, 8.0, 11.0, 4.0, 6.0, 9.0, 4.0, 5.0, 5.0, 6.0, 4.0, 5.0, 3.0, 1.0, 3.0, 2.0, 3.0, 1.0, 1.0, 1.0, 3.0, 1.0, 0.0, 0.0, 5.0, 0.0, 0.0, 0.0, 2.0, 1.0], "bins": [-5.6160024541895837e-05, -5.4348958656191826e-05, -5.253788913250901e-05, -5.0726823246805e-05, -4.891575372312218e-05, -4.710468783741817e-05, -4.529361831373535e-05, -4.348255242803134e-05, -4.167148290434852e-05, -3.986041701864451e-05, -3.8049347494961694e-05, -3.623828160925768e-05, -3.4427212085574865e-05, -3.2616146199870855e-05, -3.080507667618804e-05, -2.8994010790484026e-05, -2.7182943085790612e-05, -2.5371875381097198e-05, -2.3560807676403783e-05, -2.174973997171037e-05, -1.9938672267016955e-05, -1.812760456232354e-05, -1.631653867661953e-05, -1.4505470062431414e-05, -1.2694402357738e-05, -1.0883334653044585e-05, -9.072266948351171e-06, -7.2611996984051075e-06, -5.450131993711693e-06, -3.63906474376563e-06, -1.8279970390722156e-06, -1.6929334378801286e-08, 1.794138370314613e-06, 3.6052060750080273e-06, 5.4162737797014415e-06, 7.227341029647505e-06, 9.03840918908827e-06, 1.0849475984286983e-05, 1.2660543688980397e-05, 1.4471611393673811e-05, 1.6282680007861927e-05, 1.809374771255534e-05, 1.9904815417248756e-05, 2.171588312194217e-05, 2.3526950826635584e-05, 2.5338016712339595e-05, 2.7149086236022413e-05, 2.8960152121726424e-05, 3.0771218007430434e-05, 3.2582283893134445e-05, 3.439335341681726e-05, 3.6204419302521273e-05, 3.801548882620409e-05, 3.98265547119081e-05, 4.163762423559092e-05, 4.344869012129493e-05, 4.525975964497775e-05, 4.707082553068176e-05, 4.888189505436458e-05, 5.069296094006859e-05, 5.2504030463751405e-05, 5.4315096349455416e-05, 5.6126165873138234e-05, 5.7937231758842245e-05, 5.974830128252506e-05]}, "gradients/graph_1layer.6.weight": {"_type": "histogram", "values": [2.0, 0.0, 0.0, 1.0, 3.0, 0.0, 1.0, 5.0, 2.0, 3.0, 6.0, 11.0, 12.0, 12.0, 17.0, 22.0, 44.0, 42.0, 53.0, 61.0, 82.0, 118.0, 158.0, 201.0, 267.0, 336.0, 446.0, 571.0, 976.0, 1404.0, 2263.0, 19540.0, 1917.0, 1151.0, 743.0, 526.0, 402.0, 302.0, 246.0, 178.0, 160.0, 121.0, 92.0, 69.0, 61.0, 25.0, 32.0, 19.0, 13.0, 10.0, 9.0, 7.0, 6.0, 4.0, 2.0, 3.0, 6.0, 0.0, 0.0, 2.0, 0.0, 1.0, 0.0, 2.0], "bins": [-0.00027706538094207644, -0.0002682200283743441, -0.0002593746467027813, -0.000250529294135049, -0.00024168392701540142, -0.00023283855989575386, -0.00022399320732802153, -0.00021514784020837396, -0.0002063024730887264, -0.00019745710596907884, -0.00018861173884943128, -0.00017976638628169894, -0.00017092101916205138, -0.00016207565204240382, -0.00015323029947467148, -0.00014438493235502392, -0.00013553956523537636, -0.0001266941981157288, -0.00011784883827203885, -0.0001090034784283489, -0.00010015811130870134, -9.131274418905377e-05, -8.246738434536383e-05, -7.362202450167388e-05, -6.477665738202631e-05, -5.593129390035756e-05, -4.7085930418688804e-05, -3.824056693702005e-05, -2.9395203455351293e-05, -2.0549839973682538e-05, -1.1704476492013782e-05, -2.859116648323834e-06, 5.9862504713237286e-06, 1.4831613952992484e-05, 2.367697743466124e-05, 3.2522340916329995e-05, 4.136770439799875e-05, 5.0213067879667506e-05, 5.905843136133626e-05, 6.790379120502621e-05, 7.674915832467377e-05, 8.559452544432133e-05, 9.443988528801128e-05, 0.00010328524513170123, 0.0001121306122513488, 0.00012097597937099636, 0.0001298213319387287, 0.00013866669905837625, 0.00014751206617802382, 0.00015635743329767138, 0.00016520280041731894, 0.00017404815298505127, 0.00018289352010469884, 0.0001917388872243464, 0.00020058423979207873, 0.0002094296069117263, 0.00021827497403137386, 0.00022712034115102142, 0.00023596570827066898, 0.0002448110608384013, 0.00025365641340613365, 0.00026250179507769644, 0.0002713471476454288, 0.00028019252931699157, 0.0002890378818847239]}, "gradients/graph_1layer.3.bias": {"_type": "histogram", "values": [1.0, 0.0, 0.0, 0.0, 0.0, 0.0, 0.0, 0.0, 0.0, 0.0, 0.0, 0.0, 0.0, 0.0, 0.0, 0.0, 0.0, 0.0, 1.0, 0.0, 0.0, 1.0, 0.0, 0.0, 1.0, 0.0, 0.0, 0.0, 0.0, 1.0, 1.0, 0.0, 0.0, 2.0, 0.0, 1.0, 0.0, 2.0, 2.0, 6.0, 3.0, 4.0, 4.0, 60.0, 9.0, 4.0, 3.0, 0.0, 3.0, 0.0, 6.0, 1.0, 2.0, 2.0, 2.0, 0.0, 2.0, 1.0, 0.0, 0.0, 0.0, 0.0, 1.0, 2.0], "bins": [-0.0018373506609350443, -0.00179542344994843, -0.001753496122546494, -0.0017115689115598798, -0.0016696417005732656, -0.0016277143731713295, -0.0015857871621847153, -0.001543859951198101, -0.0015019327402114868, -0.0014600055292248726, -0.0014180782018229365, -0.0013761509908363223, -0.001334223779849708, -0.001292296452447772, -0.0012503692414611578, -0.0012084420304745436, -0.0011665147030726075, -0.0011245874920859933, -0.0010826601646840572, -0.001040732953697443, -0.0009988057427108288, -0.0009568784735165536, -0.0009149512043222785, -0.0008730239933356643, -0.0008310967241413891, -0.000789169454947114, -0.0007472422439604998, -0.0007053149747662246, -0.0006633877055719495, -0.0006214604945853353, -0.0005795332253910601, -0.000537605956196785, -0.0004956786287948489, -0.00045375138870440423, -0.00041182414861395955, -0.0003698968794196844, -0.0003279696393292397, -0.00028604239923879504, -0.0002441151300445199, -0.00020218788995407522, -0.00016026064986363053, -0.00011833340249722824, -7.640615513082594e-05, -3.4478900488466024e-05, 7.44833960197866e-06, 4.9375579692423344e-05, 9.130284888669848e-05, 0.00013323008897714317, 0.00017515732906758785, 0.00021708456915803254, 0.0002590118092484772, 0.00030093907844275236, 0.00034286631853319705, 0.00038479355862364173, 0.00042672082781791687, 0.00046864806790836155, 0.0005105753079988062, 0.0005525025771930814, 0.0005944297881796956, 0.0006363570573739707, 0.0006782843265682459, 0.0007202115375548601, 0.0007621388067491353, 0.0008040660759434104, 0.0008459932869300246]}, "gradients/graph_1layer.3.weight": {"_type": "histogram", "values": [1.0, 0.0, 1.0, 0.0, 0.0, 0.0, 0.0, 0.0, 0.0, 3.0, 2.0, 2.0, 0.0, 1.0, 1.0, 2.0, 3.0, 3.0, 0.0, 5.0, 6.0, 9.0, 8.0, 9.0, 18.0, 19.0, 22.0, 42.0, 50.0, 90.0, 123.0, 190.0, 371.0, 1059.0, 29022.0, 783.0, 329.0, 196.0, 125.0, 93.0, 45.0, 28.0, 34.0, 17.0, 16.0, 9.0, 8.0, 6.0, 0.0, 1.0, 5.0, 3.0, 1.0, 2.0, 1.0, 1.0, 0.0, 0.0, 1.0, 1.0, 0.0, 0.0, 0.0, 1.0],