{"train.total": 0.006605222821235657, "train.time": 0.017673730850219727, "_timestamp": 1672451831, "_runtime": 2938, "_step": 36299, "validation_loss": 0.5159356089120689, "validation_acc": 0.04009433962264151, "gradients/graph_1layer.4.bias": {"_type": "histogram", "values": [1.0, 0.0, 0.0, 0.0, 0.0, 0.0, 1.0, 0.0, 1.0, 0.0, 0.0, 1.0, 1.0, 0.0, 1.0, 1.0, 2.0, 2.0, 3.0, 4.0, 3.0, 2.0, 1.0, 2.0, 2.0, 7.0, 4.0, 5.0, 5.0, 1.0, 7.0, 8.0, 1.0, 0.0, 6.0, 0.0, 1.0, 6.0, 2.0, 4.0, 1.0, 3.0, 5.0, 3.0, 5.0, 2.0, 6.0, 1.0, 4.0, 0.0, 2.0, 1.0, 1.0, 3.0, 0.0, 2.0, 0.0, 1.0, 0.0, 1.0, 1.0, 0.0, 0.0, 1.0], "bins": [-0.0011996410321444273, -0.0011647309875115752, -0.001129821059294045, -0.001094911014661193, -0.0010600009700283408, -0.0010250909253954887, -0.0009901809971779585, -0.0009552709525451064, -0.0009203609079122543, -0.0008854509214870632, -0.0008505408768542111, -0.0008156308904290199, -0.0007807208457961679, -0.0007458108593709767, -0.0007109008729457855, -0.0006759908283129334, -0.0006410808418877423, -0.0006061708554625511, -0.000571260810829699, -0.0005363508244045079, -0.0005014407797716558, -0.00046653079334646463, -0.000431620777817443, -0.0003967107622884214, -0.00036180074675939977, -0.00032689073123037815, -0.00029198071570135653, -0.0002570707001723349, -0.00022216069919522852, -0.0001872506836662069, -0.0001523406826891005, -0.00011743066716007888, -8.252065163105726e-05, -4.761063974001445e-05, -1.2700627848971635e-05, 2.220938040409237e-05, 5.711939593311399e-05, 9.202941146213561e-05, 0.000126939412439242, 0.00016184942796826363, 0.00019675944349728525, 0.00023166945902630687, 0.0002665794745553285, 0.0003014894900843501, 0.0003363994765095413, 0.00037130952114239335, 0.0004062195075675845, 0.00044112952309660614, 0.00047603953862562776, 0.0005109495250508189, 0.000545859569683671, 0.0005807695561088622, 0.0006156796007417142, 0.0006505895871669054, 0.0006854996317997575, 0.0007204096182249486, 0.0007553196046501398, 0.000790229591075331, 0.000825139635708183, 0.0008600496221333742, 0.0008949596667662263, 0.0009298696531914175, 0.0009647796396166086, 0.0009996896842494607, 0.0010345997288823128]}, "gradients/graph_1layer.4.weight": {"_type": "histogram", "values": [1.0, 0.0, 3.0, 1.0, 5.0, 2.0, 1.0, 4.0, 7.0, 10.0, 11.0, 16.0, 24.0, 19.0, 23.0, 49.0, 43.0, 73.0, 85.0, 105.0, 136.0, 153.0, 231.0, 262.0, 340.0, 423.0, 537.0, 705.0, 938.0, 1210.0, 5901.0, 1112.0, 908.0, 654.0, 519.0, 379.0, 344.0, 249.0, 180.0, 162.0, 106.0, 88.0, 68.0, 59.0, 48.0, 46.0, 41.0, 20.0, 18.0, 10.0, 18.0, 5.0, 5.0, 8.0, 6.0, 6.0, 3.0, 1.0, 1.0, 0.0, 0.0, 1.0, 0.0, 1.0], "bins": [-0.00023491081083193421, -0.0002272140554850921, -0.00021951730013825, -0.0002118205593433231, -0.000204123803996481, -0.0001964270486496389, -0.00018873029330279678, -0.00018103353795595467, -0.0001733367971610278, -0.00016564004181418568, -0.00015794328646734357, -0.0001502465456724167, -0.00014254979032557458, -0.00013485303497873247, -0.00012715627963189036, -0.00011945952428504825, -0.00011176276893820614, -0.00010406601359136403, -9.636926552047953e-05, -8.867251017363742e-05, -8.097576210275292e-05, -7.327900675591081e-05, -6.55822514090687e-05, -5.78854997002054e-05, -5.01887479913421e-05, -4.2491996282478794e-05, -3.479524457361549e-05, -2.709848922677338e-05, -1.9401737517910078e-05, -1.1704985809046775e-05, -4.008230462204665e-06, 3.688521246658638e-06, 1.1385272955521941e-05, 1.9082024664385244e-05, 2.677877819223795e-05, 3.447553172009066e-05, 4.217228342895396e-05, 4.9869035137817264e-05, 5.7565790484659374e-05, 6.526254583150148e-05, 7.295929390238598e-05, 8.065604924922809e-05, 8.835279732011259e-05, 9.60495526669547e-05, 0.0001037463080137968, 0.0001114430560846813, 0.00011913981143152341, 0.0001268365595024079, 0.00013453331484925002, 0.00014223007019609213, 0.00014992682554293424, 0.00015762358088977635, 0.00016532032168470323, 0.00017301707703154534, 0.00018071383237838745, 0.00018841058772522956, 0.00019610734307207167, 0.00020380409841891378, 0.0002115008537657559, 0.00021919759456068277, 0.00022689434990752488, 0.000234591105254367, 0.0002422878606012091, 0.0002499846159480512, 0.0002576813567429781]}, "gradients/graph_1layer.2.bias": {"_type": "histogram", "values": [1.0, 0.0, 0.0, 0.0, 0.0, 0.0, 0.0, 0.0, 0.0, 0.0, 1.0, 0.0, 0.0, 0.0, 2.0, 1.0, 1.0, 1.0, 0.0, 1.0, 2.0, 4.0, 3.0, 3.0, 6.0, 4.0, 6.0, 2.0, 2.0, 3.0, 4.0, 4.0, 33.0, 7.0, 4.0, 2.0, 2.0, 4.0, 1.0, 2.0, 2.0, 2.0, 1.0, 0.0, 2.0, 2.0, 1.0, 1.0, 2.0, 3.0, 0.0, 1.0, 0.0, 1.0, 0.0, 1.0, 1.0, 1.0, 0.0, 0.0, 0.0, 0.0, 0.0, 1.0], "bins": [-0.004755658563226461, -0.004609391093254089, -0.004463124088943005, -0.0043168566189706326, -0.0041705891489982605, -0.004024322144687176, -0.0038780546747148037, -0.0037317872047424316, -0.0035855199676007032, -0.003439252730458975, -0.003292985260486603, -0.0031467180233448744, -0.003000450786203146, -0.002854183316230774, -0.0027079160790890455, -0.002561648841947317, -0.002415381371974945, -0.0022691141348332167, -0.0021228466648608446, -0.001976579427719116, -0.001830312074162066, -0.0016840447206050158, -0.0015377774834632874, -0.0013915101299062371, -0.001245242776349187, -0.0010989754227921367, -0.0009527081274427474, -0.000806440832093358, -0.0006601734785363078, -0.0005139061249792576, -0.00036763882962986827, -0.00022137153428047895, -7.510464638471603e-05, 7.116267806850374e-05, 0.0002174300025217235, 0.0003636973269749433, 0.000509964651428163, 0.0006562320049852133, 0.0008024993003346026, 0.0009487665956839919, 0.0010950339492410421, 0.0012413013027980924, 0.0013875686563551426, 0.001533835893496871, 0.0016801032470539212, 0.0018263706006109715, 0.0019726378377527, 0.0021189050748944283, 0.0022651725448668003, 0.0024114397820085287, 0.0025577072519809008, 0.002703974489122629, 0.0028502419590950012, 0.0029965091962367296, 0.003142776433378458, 0.00328904390335083, 0.0034353111404925585, 0.003581578377634287, 0.003727845847606659, 0.0038741130847483873, 0.004020380321890116, 0.004166647791862488, 0.00431291526183486, 0.004459182266145945, 0.004605449736118317]}, "gradients/graph_1layer.2.weight": {"_type": "histogram", "values": [1.0, 0.0, 0.0, 1.0, 0.0, 1.0, 0.0, 0.0, 2.0, 0.0, 0.0, 1.0, 0.0, 1.0, 2.0, 6.0, 5.0, 10.0, 10.0, 12.0, 21.0, 23.0, 46.0, 61.0, 86.0, 107.0, 194.0, 267.0, 435.0, 567.0, 784.0, 1274.0, 2104.0, 19949.0, 2383.0, 1409.0, 904.0, 606.0, 448.0, 285.0, 207.0, 154.0, 107.0, 74.0, 57.0, 38.0, 34.0, 22.0, 10.0, 13.0, 7.0, 4.0, 6.0, 7.0, 5.0, 4.0, 1.0, 5.0, 3.0, 0.0, 0.0, 1.0, 2.0, 2.0],