{"train_loss": 0.09991814941167831, "train.time": 4.425462245941162, "_timestamp": 1676511410, "_runtime": 7, "_step": 0, "_wandb": {"runtime": 8}}