{"train.total": 0.29879626631736755, "train.time": 0.21635127067565918, "_timestamp": 1673585522, "_runtime": 80, "_step": 7, "_wandb": {"runtime": 5676}}