{"train.total": 0.0025320700369775295, "train.time": 0.019694805145263672, "_timestamp": 1672389649, "_runtime": 1953, "_step": 24199, "validation_loss": 0.5229832574537754, "validation_acc": 0.012721810422282117, "gradients/graph_1layer.4.bias": {"_type": "histogram", "values": [1.0, 0.0, 0.0, 0.0, 0.0, 0.0, 1.0, 0.0, 1.0, 0.0, 1.0, 0.0, 0.0, 2.0, 0.0, 1.0, 0.0, 1.0, 2.0, 3.0, 2.0, 2.0, 1.0, 2.0, 2.0, 4.0, 4.0, 0.0, 4.0, 6.0, 4.0, 3.0, 0.0, 4.0, 3.0, 3.0, 3.0, 7.0, 6.0, 3.0, 3.0, 3.0, 5.0, 3.0, 4.0, 1.0, 1.0, 6.0, 3.0, 4.0, 2.0, 4.0, 1.0, 3.0, 1.0, 3.0, 1.0, 0.0, 0.0, 3.0, 0.0, 0.0, 0.0, 1.0], "bins": [-0.0016801489982753992, -0.001632435480132699, -0.0015847220784053206, -0.0015370085602626204, -0.001489295158535242, -0.0014415816403925419, -0.0013938682386651635, -0.0013461547205224633, -0.001298441318795085, -0.0012507278006523848, -0.0012030143989250064, -0.0011553008807823062, -0.0011075874790549278, -0.0010598739609122276, -0.0010121605591848493, -0.0009644470410421491, -0.0009167335811071098, -0.0008690201211720705, -0.0008213066612370312, -0.0007735932013019919, -0.0007258797413669527, -0.0006781662814319134, -0.0006304527632892132, -0.0005827393615618348, -0.0005350258434191346, -0.00048731238348409534, -0.00043959892354905605, -0.00039188546361401677, -0.0003441720036789775, -0.0002964585437439382, -0.00024874505470506847, -0.0002010315947700292, -0.00015331816393882036, -0.00010560470400378108, -5.7891236792784184e-05, -1.0177769581787288e-05, 3.7535690353251994e-05, 8.524915028829128e-05, 0.00013296262477524579, 0.00018067608471028507, 0.00022838954464532435, 0.00027610300458036363, 0.0003238164645154029, 0.00037152995355427265, 0.00041924341348931193, 0.0004669568734243512, 0.0005146703333593905, 0.0005623837932944298, 0.0006100972532294691, 0.0006578107131645083, 0.0007055241730995476, 0.0007532376330345869, 0.0008009510929696262, 0.0008486645529046655, 0.0008963780710473657, 0.000944091472774744, 0.0009918049909174442, 0.0010395185090601444, 0.0010872319107875228, 0.001134945428930223, 0.0011826588306576014, 0.0012303723488003016, 0.00127808575052768, 0.0013257992686703801, 0.0013735126703977585]}, "gradients/graph_1layer.4.weight": {"_type": "histogram", "values": [1.0, 0.0, 0.0, 0.0, 0.0, 0.0, 2.0, 0.0, 0.0, 1.0, 0.0, 2.0, 1.0, 1.0, 1.0, 7.0, 1.0, 5.0, 9.0, 8.0, 21.0, 11.0, 28.0, 30.0, 46.0, 51.0, 94.0, 127.0, 162.0, 229.0, 323.0, 385.0, 555.0, 760.0, 1087.0, 1519.0, 6277.0, 1174.0, 875.0, 675.0, 487.0, 387.0, 289.0, 220.0, 141.0, 100.0, 70.0, 66.0, 38.0, 36.0, 22.0, 14.0, 14.0, 12.0, 5.0, 2.0, 1.0, 5.0, 1.0, 0.0, 3.0, 0.0, 1.0, 2.0], "bins": [-0.00031648564618080854, -0.00030769911245442927, -0.00029891257872805, -0.00029012601589784026, -0.000281339482171461, -0.0002725529484450817, -0.000263766385614872, -0.0002549798518884927, -0.00024619331816211343, -0.00023740678443573415, -0.00022862023615743965, -0.00021983368787914515, -0.00021104715415276587, -0.0002022606204263866, -0.0001934740721480921, -0.0001846875238697976, -0.0001759009901434183, -0.00016711445641703904, -0.00015832790813874453, -0.00014954135986045003, -0.00014075482613407075, -0.00013196829240769148, -0.00012318174412939698, -0.00011439520312706009, -0.0001056086621247232, -9.68221211223863e-05, -8.803558012004942e-05, -7.924903911771253e-05, -7.046249811537564e-05, -6.167595711303875e-05, -5.288941611070186e-05, -4.410287510836497e-05, -3.531633410602808e-05, -2.652979310369119e-05, -1.77432521013543e-05, -8.956711099017411e-06, -1.7017009668052197e-07, 8.616370905656368e-06, 1.7402911907993257e-05, 2.6189452910330147e-05, 3.4975993912667036e-05, 4.3762534915003926e-05, 5.2549075917340815e-05, 6.13356169196777e-05, 7.01221579220146e-05, 7.890869892435148e-05, 8.769523992668837e-05, 9.648178092902526e-05, 0.00010526832193136215, 0.00011405486293369904, 0.00012284140393603593, 0.00013162795221433043, 0.0001404144859407097, 0.00014920101966708899, 0.0001579875679453835, 0.000166774116223678, 0.00017556064995005727, 0.00018434718367643654, 0.00019313373195473105, 0.00020192028023302555, 0.00021070681395940483, 0.0002194933476857841, 0.0002282798959640786, 0.0002370664442423731, 0.0002458529779687524]}, "gradients/graph_1layer.2.bias": {"_type": "histogram", "values": [1.0, 0.0, 0.0, 0.0, 0.0, 0.0, 1.0, 0.0, 1.0, 2.0, 0.0, 1.0, 0.0, 0.0, 1.0, 0.0, 1.0, 1.0, 4.0, 1.0, 1.0, 3.0, 3.0, 3.0, 2.0, 3.0, 0.0, 3.0, 4.0, 5.0, 6.0, 42.0, 6.0, 5.0, 2.0, 1.0, 5.0, 2.0, 2.0, 2.0, 1.0, 0.0, 0.0, 0.0, 0.0, 4.0, 2.0, 1.0, 0.0, 0.0, 1.0, 0.0, 0.0, 0.0, 2.0, 1.0, 1.0, 0.0, 0.0, 0.0, 0.0, 0.0, 0.0, 1.0], "bins": [-0.005961211398243904, -0.005773258861154318, -0.005585306324064732, -0.005397353786975145, -0.005209401249885559, -0.005021448712795973, -0.0048334961757063866, -0.004645544104278088, -0.004457591101527214, -0.004269638564437628, -0.0040816860273480415, -0.0038937334902584553, -0.003705780953168869, -0.0035178284160792828, -0.00332987611182034, -0.003141923574730754, -0.0029539712704718113, -0.002766018733382225, -0.0025780661962926388, -0.0023901136592030525, -0.0022021611221134663, -0.00201420858502388, -0.0018262562807649374, -0.0016383037436753511, -0.0014503512065857649, -0.0012623986694961786, -0.0010744461324065924, -0.0008864937117323279, -0.0006985411746427417, -0.0005105886375531554, -0.000322636216878891, -0.00013468367978930473, 5.3268857300281525e-05, 0.00024122136528603733, 0.0004291738732717931, 0.0006171263521537185, 0.0008050788892433047, 0.000993031426332891, 0.0011809838470071554, 0.0013689363840967417, 0.001556888921186328, 0.0017448414582759142, 0.0019327939953655005, 0.002120746299624443, 0.0023086988367140293, 0.0024966513738036156, 0.002684603910893202, 0.002872556447982788, 0.0030605089850723743, 0.0032484615221619606, 0.003436414059251547, 0.003624366596341133, 0.0038123191334307194, 0.004000271670520306, 0.004188223741948605, 0.004376176744699478, 0.004564128816127777, 0.004752081353217363, 0.00494003389030695, 0.005127986427396536, 0.005315938964486122, 0.005503891501575708, 0.005691844038665295, 0.005879796110093594, 0.006067749112844467]}, "gradients/graph_1layer.2.weight": {"_type": "histogram", "values": [2.0, 0.0, 1.0, 0.0, 1.0, 0.0, 0.0, 0.0, 2.0, 1.0, 1.0, 3.0, 2.0, 0.0, 3.0, 6.0, 4.0, 6.0, 6.0, 19.0, 18.0, 24.0, 35.0, 36.0, 44.0, 75.0, 102.0, 148.0, 213.0, 237.0, 376.0, 507.0, 773.0, 1219.0, 1891.0, 19492.0, 2766.0, 1567.0, 960.0, 675.0, 460.0, 280.0, 223.0, 130.0, 111.0, 85.0, 62.0, 46.0, 32.0, 36.0, 23.0, 16.0, 17.0, 8.0, 8.0, 4.0, 3.0, 3.0, 1.0, 1.0, 1.0, 0.0, 0.0, 3.0],