{"train.total": 0.29995352029800415, "train.time": 1.7761852741241455, "_timestamp": 1673927310, "_runtime": 26, "_step": 0}