{"train.total": 0.29984790086746216, "train.time": 3.4791181087493896, "_timestamp": 1674432079, "_runtime": 13, "_step": 0}