{"train_loss": 0.09979425370693207, "train.time": 5.629315614700317, "_timestamp": 1676522739, "_runtime": 6, "_step": 0, "_wandb": {"runtime": 11}}