{"train.total": 0.3996375501155853, "train.time": 0.25727057456970215, "_timestamp": 1674277992, "_runtime": 11, "_step": 3, "_wandb": {"runtime": 189}}