{"train.total": 0.08740191161632538, "train.time": 0.21942925453186035, "_timestamp": 1672805957, "_runtime": 69952, "_step": 44999, "validation_loss": 0.5428704619407654, "validation_acc": 0.012568865536054772, "train_loss": 0.042100864777743933, "train_acc": 0.21833121201139694, "gradients/graph_1layer.6.bias": {"_type": "histogram", "values": [1.0, 0.0, 0.0, 0.0, 1.0, 0.0, 0.0, 1.0, 0.0, 0.0, 0.0, 0.0, 0.0, 1.0, 1.0, 0.0, 1.0, 1.0, 1.0, 1.0, 0.0, 0.0, 0.0, 0.0, 0.0, 0.0, 1.0, 0.0, 0.0, 0.0, 2.0, 0.0, 0.0, 1.0, 1.0, 0.0, 0.0, 1.0, 2.0, 2.0, 0.0, 0.0, 0.0, 2.0, 2.0, 0.0, 1.0, 0.0, 0.0, 0.0, 1.0, 0.0, 0.0, 1.0, 0.0, 0.0, 1.0, 2.0, 1.0, 1.0, 0.0, 0.0, 0.0, 1.0], "bins": [-0.01640862226486206, -0.015924381092190742, -0.015440140850841999, -0.014955900609493256, -0.014471659436821938, -0.013987419195473194, -0.01350317895412445, -0.013018937781453133, -0.01253469754010439, -0.012050457298755646, -0.011566216126084328, -0.011081975884735584, -0.010597734712064266, -0.010113494470715523, -0.009629253298044205, -0.009145013056695461, -0.008660772815346718, -0.008176532573997974, -0.007692291401326656, -0.007208051159977913, -0.006723810452967882, -0.006239569745957851, -0.005755329038947821, -0.00527108833193779, -0.004786847159266472, -0.004302606452256441, -0.003818365978077054, -0.0033341252710670233, -0.002849884796887636, -0.0023656440898776054, -0.0018814033828675747, -0.0013971629086881876, -0.0009129224345088005, -0.00042868181481026113, 5.5558804888278246e-05, 0.0005397994536906481, 0.001024040044285357, 0.001508280634880066, 0.0019925213418900967, 0.0024767618160694838, 0.0029610025230795145, 0.0034452432300895452, 0.003929483704268932, 0.004413724411278963, 0.004897965118288994, 0.005382205359637737, 0.005866446532309055, 0.006350686773657799, 0.0068349274806678295, 0.00731916818767786, 0.007803408894687891, 0.008287649601697922, 0.008771889843046665, 0.009256130084395409, 0.009740371257066727, 0.01022461149841547, 0.010708852671086788, 0.011193092912435532, 0.01167733408510685, 0.012161574326455593, 0.012645815499126911, 0.013130055740475655, 0.013614296913146973, 0.014098537154495716, 0.01458277739584446]}, "gradients/graph_1layer.6.weight": {"_type": "histogram", "values": [1.0, 1.0, 0.0, 0.0, 0.0, 1.0, 1.0, 0.0, 0.0, 0.0, 2.0, 0.0, 1.0, 4.0, 4.0, 3.0, 6.0, 10.0, 6.0, 9.0, 19.0, 24.0, 26.0, 34.0, 34.0, 63.0, 71.0, 65.0, 104.0, 102.0, 136.0, 167.0, 309.0, 137.0, 136.0, 117.0, 79.0, 78.0, 61.0, 42.0, 42.0, 31.0, 32.0, 21.0, 26.0, 9.0, 4.0, 11.0, 7.0, 4.0, 0.0, 1.0, 2.0, 1.0, 0.0, 1.0, 0.0, 1.0, 0.0, 0.0, 0.0, 0.0, 0.0, 2.0], "bins": [-0.0007417473243549466, -0.0007188281160779297, -0.0006959089078009129, -0.000672989699523896, -0.0006500704912468791, -0.0006271512829698622, -0.0006042320746928453, -0.0005813128664158285, -0.0005583936581388116, -0.0005354744498617947, -0.0005125552415847778, -0.000489636033307761, -0.0004667168250307441, -0.0004437976167537272, -0.0004208784084767103, -0.00039795920019969344, -0.000375040021026507, -0.00035212081274949014, -0.00032920160447247326, -0.0003062823961954564, -0.0002833631879184395, -0.00026044397964142263, -0.00023752478591632098, -0.0002146055776393041, -0.00019168636936228722, -0.00016876716108527035, -0.00014584795280825347, -0.00012292875908315182, -0.00010000954353017733, -7.709033525316045e-05, -5.417113425210118e-05, -3.1251925975084305e-05, -8.332717698067427e-06, 1.4586488759960048e-05, 3.750569521798752e-05, 6.0424899857025594e-05, 8.334410813404247e-05, 0.00010626331641105935, 0.00012918251741211861, 0.0001521017256891355, 0.00017502093396615237, 0.00019794014224316925, 0.00022085935052018613, 0.00024377854424528778, 0.00026669775252230465, 0.00028961696079932153, 0.0003125361690763384, 0.0003354553773533553, 0.00035837458563037217, 0.00038129379390738904, 0.0004042130021844059, 0.0004271322104614228, 0.0004500514187384397, 0.00047297062701545656, 0.000495889806188643, 0.0005188090144656599, 0.0005417282227426767, 0.0005646474310196936, 0.0005875666392967105, 0.0006104858475737274, 0.0006334050558507442, 0.0006563242641277611, 0.000679243472404778, 0.0007021626806817949, 0.0007250818889588118]}, "gradients/graph_1layer.3.bias": {"_type": "histogram", "values": [1.0, 0.0, 0.0, 0.0, 0.0, 1.0, 0.0, 0.0, 0.0, 0.0, 0.0, 0.0, 0.0, 0.0, 1.0, 0.0, 0.0, 1.0, 0.0, 0.0, 0.0, 0.0, 1.0, 2.0, 0.0, 0.0, 1.0, 0.0, 0.0, 2.0, 0.0, 0.0, 0.0, 0.0, 1.0, 3.0, 3.0, 2.0, 6.0, 8.0, 2.0, 5.0, 4.0, 5.0, 4.0, 1.0, 3.0, 1.0, 0.0, 1.0, 2.0, 1.0, 0.0, 0.0, 0.0, 0.0, 1.0, 0.0, 0.0, 0.0, 0.0, 0.0, 0.0, 1.0], "bins": [-0.09085453301668167, -0.08852677792310715, -0.08619902282953262, -0.0838712677359581, -0.08154351264238358, -0.07921575754880905, -0.07688800245523453, -0.07456024736166, -0.07223249226808548, -0.06990473717451096, -0.06757698208093643, -0.06524922698736191, -0.06292147189378738, -0.06059371680021286, -0.058265961706638336, -0.05593820661306381, -0.05361044779419899, -0.051282692700624466, -0.04895493760704994, -0.04662718251347542, -0.044299427419900894, -0.04197167232632637, -0.03964391350746155, -0.037316158413887024, -0.0349884033203125, -0.032660648226737976, -0.030332893133163452, -0.028005138039588928, -0.025677382946014404, -0.02334962785243988, -0.021021870896220207, -0.018694115802645683, -0.01636635884642601, -0.014038603752851486, -0.011710848659276962, -0.009383092634379864, -0.00705533754080534, -0.004727582447230816, -0.0023998264223337173, -7.207132875919342e-05, 0.0022556837648153305, 0.004583438858389854, 0.006911194417625666, 0.009238949976861477, 0.011566705070436, 0.013894460164010525, 0.016222216188907623, 0.018549971282482147, 0.02087772637605667, 0.023205481469631195, 0.02553323656320572, 0.027860991656780243, 0.030188746750354767, 0.03251650184392929, 0.034844256937503815, 0.03717201203107834, 0.03949976712465286, 0.041827522218227386, 0.04415527731180191, 0.046483032405376434, 0.04881078749895096, 0.05113854259252548, 0.053466297686100006, 0.05579405277967453, 0.05812181159853935]}, "gradients/graph_1layer.3.weight": {"_type": "histogram", "values": [1.0, 0.0, 1.0, 0.0, 0.0, 1.0, 0.0, 2.0, 0.0, 3.0, 1.0, 2.0, 2.0, 5.0, 0.0, 1.0, 4.0, 2.0, 2.0, 8.0, 5.0, 5.0, 8.0, 6.0, 16.0, 20.0, 34.0, 49.0, 89.0, 119.0, 255.0, 801.0, 5561.0, 601.0, 214.0, 139.0, 71.0, 47.0, 26.0, 24.0, 13.0, 8.0, 10.0, 6.0, 4.0, 6.0, 3.0, 3.0, 2.0, 2.0, 3.0, 2.0, 1.0, 0.0, 1.0, 0.0, 0.0, 2.0, 0.0, 0.0, 0.0, 0.0, 0.0, 1.0], "bins": [-0.0027821166440844536, -0.002695921342819929, -0.0026097260415554047, -0.0025235305074602365, -0.002437335206195712, -0.0023511399049311876, -0.0022649443708360195, -0.002178749069571495, -0.0020925537683069706, -0.002006358467042446, -0.0019201630493625998, -0.0018339676316827536, -0.001747772330418229, -0.0016615770291537046, -0.0015753816114738584, -0.001489186193794012, -0.0014029908925294876, -0.0013167955912649632, -0.0012306001735851169, -0.0011444047559052706, -0.0010582094546407461, -0.0009720140951685607, -0.0008858187356963754, -0.00079962337622419, -0.0007134280167520046, -0.0006272326572798193, -0.0005410372978076339, -0.0004548419383354485, -0.00036864657886326313, -0.00028245121939107776, -0.00019625585991889238, -0.00011006050044670701, -2.3865140974521637e-05, 6.233021849766374e-05, 0.0001485255779698491, 0.00023472093744203448, 0.00032091629691421986, 0.00040711165638640523, 0.0004933070158585906, 0.000579502375330776, 0.0006656977348029613, 0.0007518930942751467, 0.0008380884537473321, 0.0009242838132195175, 0.0010104791726917028, 0.0010966744739562273, 0.0011828698916360736, 0.0012690653093159199, 0.0013552606105804443, 0.0014414559118449688, 0.001527651329524815, 0.0016138467472046614, 0.0017000420484691858, 0.0017862373497337103, 0.0018724327674135566, 0.001958628185093403, 0.0020448234863579273, 0.0021310187876224518, 0.0022172140888869762, 0.0023034096229821444, 0.002389604924246669, 0.0024758002255111933, 0.0025619957596063614, 0.002648191060870886, 0.0027343863621354103]}, "gradients/graph_1layer.0.bias": {"_type": "histogram",