{"train.total": 0.40026798844337463, "train.time": 0.25910234451293945, "_timestamp": 1674267709, "_runtime": 10, "_step": 3}