{"train.total": 0.399813711643219, "train.time": 0.22930479049682617, "_timestamp": 1674267615, "_runtime": 5, "_step": 3, "_wandb": {"runtime": 15}}