{"train.total": 0.038490522652864456, "train.time": 0.2132730484008789, "_timestamp": 1672721950, "_runtime": 70265, "_step": 44999, "validation_loss": 0.5073950290679932, "validation_acc": 0.015558709606624201, "train_loss": 0.02333836692180447, "train_acc": 0.5134509590513748, "gradients/graph_1layer.6.bias": {"_type": "histogram", "values": [3.0, 2.0, 0.0, 1.0, 0.0, 1.0, 1.0, 2.0, 0.0, 2.0, 3.0, 4.0, 3.0, 4.0, 5.0, 5.0, 3.0, 6.0, 10.0, 6.0, 6.0, 8.0, 8.0, 3.0, 8.0, 9.0, 6.0, 7.0, 7.0, 5.0, 3.0, 7.0, 7.0, 3.0, 8.0, 9.0, 4.0, 9.0, 4.0, 6.0, 3.0, 12.0, 4.0, 5.0, 4.0, 2.0, 5.0, 4.0, 6.0, 1.0, 1.0, 3.0, 6.0, 1.0, 2.0, 2.0, 1.0, 0.0, 2.0, 0.0, 2.0, 0.0, 0.0, 2.0], "bins": [-0.0004586207214742899, -0.00044290325604379177, -0.00042718579061329365, -0.0004114683251827955, -0.0003957508597522974, -0.0003800333943217993, -0.0003643159579951316, -0.0003485984925646335, -0.00033288102713413537, -0.00031716356170363724, -0.0003014460962731391, -0.000285728630842641, -0.00027001119451597333, -0.0002542937290854752, -0.00023857626365497708, -0.00022285879822447896, -0.00020714133279398084, -0.00019142386736348271, -0.0001757064019329846, -0.0001599889510544017, -0.00014427148562390357, -0.00012855402019340545, -0.00011283656203886494, -9.711910388432443e-05, -8.140163845382631e-05, -6.568417302332819e-05, -4.9966714868787676e-05, -3.424925307626836e-05, -1.8531791283749044e-05, -2.8143258532509208e-06, 1.2903132301289588e-05, 2.8620590455830097e-05, 4.4338114093989134e-05, 6.005557588650845e-05, 7.577303767902777e-05, 9.149049583356827e-05, 0.0001072079612640664, 0.00012292542669456452, 0.00013864287757314742, 0.00015436034300364554, 0.00017007780843414366, 0.00018579527386464179, 0.0002015127392951399, 0.0002172301901737228, 0.00023294765560422093, 0.0002486651064828038, 0.00026438257191330194, 0.00028010003734380007, 0.0002958175027742982, 0.0003115349682047963, 0.00032725243363529444, 0.00034296989906579256, 0.0003586873644962907, 0.0003744048299267888, 0.0003901222662534565, 0.0004058397316839546, 0.0004215571971144527, 0.00043727466254495084, 0.00045299212797544897, 0.0004687095934059471, 0.00048442702973261476, 0.0005001444951631129, 0.000515861960593611, 0.0005315794260241091, 0.0005472968914546072]}, "gradients/graph_1layer.6.weight": {"_type": "histogram", "values": [1.0, 0.0, 0.0, 1.0, 0.0, 2.0, 1.0, 0.0, 1.0, 6.0, 2.0, 4.0, 2.0, 2.0, 2.0, 11.0, 5.0, 8.0, 7.0, 5.0, 11.0, 19.0, 21.0, 53.0, 88.0, 178.0, 308.0, 727.0, 1521.0, 3617.0, 12600.0, 8248.0, 2851.0, 1254.0, 604.0, 262.0, 121.0, 75.0, 49.0, 24.0, 12.0, 11.0, 15.0, 6.0, 6.0, 4.0, 3.0, 3.0, 0.0, 4.0, 3.0, 0.0, 0.0, 0.0, 1.0, 1.0, 1.0, 2.0, 0.0, 2.0, 1.0, 0.0, 0.0, 2.0], "bins": [-0.00018557778093963861, -0.0001795622520148754, -0.0001735467230901122, -0.00016753117961343378, -0.00016151565068867058, -0.00015550012176390737, -0.00014948457828722894, -0.00014346904936246574, -0.00013745352043770254, -0.00013143799151293933, -0.00012542246258817613, -0.0001194069191114977, -0.0001133913901867345, -0.0001073758612619713, -0.00010136032506125048, -9.534478886052966e-05, -8.932925993576646e-05, -8.331373101100326e-05, -7.729819481028244e-05, -7.128265860956162e-05, -6.526712968479842e-05, -5.925159712205641e-05, -5.32360645593144e-05, -4.722053199657239e-05, -4.120499943383038e-05, -3.518946687108837e-05, -2.917393430834636e-05, -2.315840174560435e-05, -1.714286918286234e-05, -1.1127336620120332e-05, -5.111804057378322e-06, 9.037285053636879e-07, 6.919261068105698e-06, 1.2934793630847707e-05, 1.8950326193589717e-05, 2.4965858756331727e-05, 3.098139131907374e-05, 3.6996923881815746e-05, 4.3012456444557756e-05, 4.9027989007299766e-05, 5.5043521570041776e-05, 6.105905049480498e-05, 6.70745866955258e-05, 7.309012289624661e-05, 7.910565182100981e-05, 8.512118074577302e-05, 9.113671694649383e-05, 9.715225314721465e-05, 0.00010316778207197785, 0.00010918331099674106, 0.00011519884719746187, 0.00012121438339818269, 0.0001272299123229459, 0.0001332454412477091, 0.00013926098472438753, 0.00014527651364915073, 0.00015129204257391393, 0.00015730757149867713, 0.00016332310042344034, 0.00016933864390011877, 0.00017535417282488197, 0.00018136970174964517, 0.0001873852452263236, 0.0001934007741510868, 0.00019941630307585]}, "gradients/graph_1layer.3.bias": {"_type": "histogram", "values": [1.0, 0.0, 0.0, 0.0, 2.0, 3.0, 0.0, 2.0, 5.0, 4.0, 4.0, 7.0, 4.0, 4.0, 10.0, 10.0, 15.0, 12.0, 8.0, 4.0, 8.0, 2.0, 1.0, 1.0, 2.0, 1.0, 4.0, 2.0, 1.0, 1.0, 3.0, 0.0, 0.0, 1.0, 1.0, 0.0, 1.0, 0.0, 1.0, 0.0, 0.0, 0.0, 0.0, 0.0, 0.0, 0.0, 0.0, 2.0, 0.0, 0.0, 0.0, 0.0, 0.0, 0.0, 0.0, 0.0, 0.0, 0.0, 0.0, 0.0, 0.0, 0.0, 0.0, 1.0], "bins": [-0.0078042419627308846, -0.0073355985805392265, -0.0068669551983475685, -0.006398312281817198, -0.00592966889962554, -0.005461025517433882, -0.004992382600903511, -0.004523739218711853, -0.004055095836520195, -0.003586452454328537, -0.0031178093049675226, -0.0026491661556065083, -0.0021805227734148502, -0.0017118793912231922, -0.0012432362418621778, -0.0007745930925011635, -0.00030594971030950546, 0.00016269355546683073, 0.0006313368212431669, 0.0010999800870195031, 0.0015686233527958393, 0.0020372667349874973, 0.0025059098843485117, 0.002974553033709526, 0.003443196415901184, 0.003911839798092842, 0.0043804831802845, 0.004849126096814871, 0.005317769479006529, 0.005786412861198187, 0.006255055777728558, 0.006723699159920216, 0.007192343473434448, 0.007660986855626106, 0.008129630237817764, 0.008598273620009422, 0.00906691700220108, 0.009535560384392738, 0.010004202835261822, 0.01047284621745348, 0.010941489599645138, 0.011410132981836796, 0.011878776364028454, 0.012347419746220112, 0.012816062197089195, 0.013284705579280853, 0.013753348961472511, 0.01422199234366417, 0.014690635725855827, 0.015159279108047485, 0.015627922490239143, 0.0160965658724308, 0.01656520925462246, 0.017033852636814117, 0.017502496019005775, 0.017971139401197433, 0.018439780920743942, 0.0189084243029356, 0.01937706768512726, 0.019845711067318916, 0.020314354449510574, 0.020782997831702232, 0.02125164121389389, 0.0217202827334404, 0.022188927978277206]}, "gradients/graph_1layer.3.weight": {"_type": "histogram", "values": [1.0, 0.0, 0.0, 0.0, 0.0, 2.0, 0.0, 1.0, 0.0, 1.0, 0.0, 3.0, 1.0, 1.0, 0.0, 2.0, 3.0, 2.0, 1.0, 4.0, 6.0, 2.0, 10.0, 5.0, 10.0, 6.0, 15.0, 27.0, 24.0, 43.0, 66.0, 86.0, 131.0, 305.0, 1575.0, 28408.0, 1344.0, 346.0, 129.0, 82.0, 43.0, 20.0, 21.0, 9.0, 5.0, 6.0, 4.0, 3.0, 2.0, 3.0, 1.0, 1.0, 1.0, 1.0, 0.0, 0.0, 2.0, 1.0, 1.0, 0.0, 1.0, 0.0, 0.0, 1.0],