{"train.total": 16.49981689453125, "train.time": 0.6474597454071045, "_timestamp": 1674308580, "_runtime": 4, "_step": 0, "_wandb": {"runtime": 9}}