{"train.total": 0.4003317654132843, "train.time": 0.2553093433380127, "_timestamp": 1674277405, "_runtime": 11, "_step": 3}