{"train.total": 0.399629682302475, "train.time": 0.26093506813049316, "_timestamp": 1674270247, "_runtime": 11, "_step": 3}