{"train.total": 0.3000057637691498, "train.time": 3.4705796241760254, "_timestamp": 1674431368, "_runtime": 13, "_step": 0}