{"train.total": 0.4007405936717987, "train.time": 0.2700340747833252, "_timestamp": 1674270499, "_runtime": 11, "_step": 3}