{"train.total": 0.4003078043460846, "train.time": 0.23061490058898926, "_timestamp": 1674228453, "_runtime": 6, "_step": 1, "_wandb": {"runtime": 9}}