{"train.total": 0.2999339997768402, "train.time": 3.3707756996154785, "_timestamp": 1674121688, "_runtime": 12, "_step": 0}