{"train_loss": 0.08440560847520828, "train.time": 8.838199615478516, "_timestamp": 1675140331, "_runtime": 5221, "_step": 592, "validation_loss": 0.34627691309289066, "validation_acc": 0.0036162212632800867, "train_acc": 0.021123060481877256, "gradients/graph_1layer.6.bias": {"_type": "histogram", "values": [2.0, 0.0, 1.0, 2.0, 0.0, 1.0, 3.0, 3.0, 1.0, 4.0, 1.0, 8.0, 3.0, 2.0, 10.0, 2.0, 5.0, 5.0, 3.0, 3.0, 6.0, 9.0, 9.0, 6.0, 4.0, 7.0, 8.0, 9.0, 5.0, 5.0, 5.0, 6.0, 7.0, 8.0, 10.0, 11.0, 9.0, 7.0, 8.0, 10.0, 8.0, 6.0, 4.0, 5.0, 4.0, 4.0, 5.0, 3.0, 2.0, 0.0, 1.0, 1.0, 2.0, 0.0, 1.0, 1.0, 0.0, 0.0, 0.0, 0.0, 0.0, 0.0, 0.0, 1.0], "bins": [-0.03384621813893318, -0.032679859548807144, -0.03151350095868111, -0.03034714236855507, -0.02918078377842903, -0.028014425188302994, -0.026848066598176956, -0.02568170800805092, -0.02451534941792488, -0.023348990827798843, -0.022182632237672806, -0.021016273647546768, -0.01984991505742073, -0.018683556467294693, -0.017517197877168655, -0.016350839287042618, -0.01518448069691658, -0.014018122106790543, -0.012851763516664505, -0.011685404926538467, -0.01051904633641243, -0.009352687746286392, -0.008186329156160355, -0.007019970566034317, -0.005853611975908279, -0.004687253385782242, -0.0035208947956562042, -0.0023545362055301666, -0.001188177615404129, -2.181902527809143e-05, 0.0011445395648479462, 0.0023108981549739838, 0.00347726047039032, 0.004643619060516357, 0.005809977650642395, 0.006976336240768433, 0.00814269483089447, 0.009309053421020508, 0.010475412011146545, 0.011641770601272583, 0.01280812919139862, 0.013974487781524658, 0.015140846371650696, 0.016307204961776733, 0.01747356355190277, 0.01863992214202881, 0.019806280732154846, 0.020972639322280884, 0.02213899791240692, 0.02330535650253296, 0.024471715092658997, 0.025638073682785034, 0.026804432272911072, 0.02797079086303711, 0.029137149453163147, 0.030303508043289185, 0.03146986663341522, 0.03263622522354126, 0.0338025838136673, 0.034968942403793335, 0.03613530099391937, 0.03730165958404541, 0.03846801817417145, 0.039634376764297485, 0.04080073535442352]}, "gradients/graph_1layer.6.weight": {"_type": "histogram", "values": [1.0, 2.0, 2.0, 2.0, 2.0, 0.0, 5.0, 3.0, 4.0, 8.0, 10.0, 5.0, 15.0, 18.0, 23.0, 24.0, 33.0, 37.0, 46.0, 66.0, 86.0, 114.0, 119.0, 156.0, 224.0, 258.0, 393.0, 532.0, 713.0, 1002.0, 1353.0, 1782.0, 2676.0, 9505.0, 3996.0, 2579.0, 1859.0, 1300.0, 1033.0, 727.0, 496.0, 372.0, 307.0, 220.0, 172.0, 105.0, 94.0, 75.0, 54.0, 39.0, 22.0, 24.0, 18.0, 16.0, 9.0, 8.0, 5.0, 5.0, 4.0, 3.0, 1.0, 5.0, 0.0, 1.0], "bins": [-0.0013094090390950441, -0.0012707606656476855, -0.001232112175785005, -0.0011934638023376465, -0.001154815312474966, -0.0011161669390276074, -0.0010775185655802488, -0.0010388700757175684, -0.0010002217022702098, -0.0009615732706151903, -0.0009229248389601707, -0.0008842764655128121, -0.0008456280338577926, -0.0008069796022027731, -0.0007683312287554145, -0.000729682797100395, -0.0006910343654453754, -0.0006523859337903559, -0.0006137375021353364, -0.0005750891286879778, -0.0005364406970329583, -0.0004977922653779387, -0.0004591438628267497, -0.0004204954602755606, -0.0003818470286205411, -0.0003431985969655216, -0.0003045501944143325, -0.00026590179186314344, -0.00022725336020812392, -0.00018860494310501963, -0.00014995652600191534, -0.00011130812345072627, -7.265969179570675e-05, -3.4011274692602456e-05, 4.637142410501838e-06, 4.328555951360613e-05, 8.193397661671042e-05, 0.00012058239371981472, 0.000159230810822919, 0.00019787921337410808, 0.0002365276450291276, 0.0002751760766841471, 0.0003138244792353362, 0.00035247288178652525, 0.00039112131344154477, 0.0004297697450965643, 0.00046841814764775336, 0.0005070665501989424, 0.0005457149818539619, 0.0005843634135089815, 0.000623011845164001, 0.0006616602186113596, 0.0007003086502663791, 0.0007389570819213986, 0.0007776054553687572, 0.0008162538870237768, 0.0008549023186787963, 0.0008935507503338158, 0.0009321991819888353, 0.0009708475554361939, 0.0010094959288835526, 0.001048144418746233, 0.0010867927921935916, 0.0011254411656409502, 0.0011640896555036306]}, "gradients/graph_1layer.3.bias": {"_type": "histogram", "values": [1.0, 0.0, 0.0, 1.0, 0.0, 0.0, 0.0, 0.0, 1.0, 0.0, 0.0, 0.0, 0.0, 0.0, 0.0, 1.0, 0.0, 0.0, 0.0, 0.0, 3.0, 0.0, 1.0, 0.0, 0.0, 0.0, 2.0, 2.0, 1.0, 0.0, 1.0, 5.0, 0.0, 3.0, 1.0, 1.0, 4.0, 1.0, 2.0, 2.0, 4.0, 12.0, 31.0, 7.0, 4.0, 3.0, 3.0, 5.0, 5.0, 3.0, 1.0, 1.0, 0.0, 1.0, 2.0, 3.0, 1.0, 4.0, 0.0, 2.0, 0.0, 1.0, 1.0, 1.0], "bins": [-0.7287076115608215, -0.7116905450820923, -0.694673478603363, -0.6776564121246338, -0.6606392860412598, -0.6436222195625305, -0.6266051530838013, -0.609588086605072, -0.5925710201263428, -0.5755539536476135, -0.5585368871688843, -0.5415197610855103, -0.524502694606781, -0.5074856281280518, -0.4904685616493225, -0.47345149517059326, -0.4564343988895416, -0.4394173324108124, -0.42240023612976074, -0.4053831696510315, -0.38836610317230225, -0.371349036693573, -0.35433194041252136, -0.3373148739337921, -0.3202977776527405, -0.30328071117401123, -0.2862636148929596, -0.26924654841423035, -0.2522294819355011, -0.23521240055561066, -0.21819531917572021, -0.20117825269699097, -0.18416115641593933, -0.1671440750360489, -0.15012700855731964, -0.1331099271774292, -0.11609285324811935, -0.09907577931880951, -0.08205869793891907, -0.06504162400960922, -0.04802455008029938, -0.031007474288344383, -0.013990398496389389, 0.0030266791582107544, 0.0200437530875206, 0.037060827016830444, 0.054077908396720886, 0.07109498232603073, 0.08811205625534058, 0.10512913018465042, 0.12214620411396027, 0.1391632854938507, 0.15618035197257996, 0.1731974333524704, 0.19021451473236084, 0.2072315812110901, 0.22424866259098053, 0.24126574397087097, 0.2582828104496002, 0.27529990673065186, 0.2923169732093811, 0.30933403968811035, 0.3263511061668396, 0.34336820244789124, 0.3603852689266205]}, "gradients/graph_1layer.3.weight": {"_type": "histogram", "values": [1.0, 0.0, 0.0, 1.0, 0.0, 0.0, 0.0, 0.0, 0.0, 0.0, 0.0, 1.0, 1.0, 0.0, 0.0, 0.0, 0.0, 0.0, 1.0, 2.0, 4.0, 1.0, 3.0, 0.0, 3.0, 1.0, 7.0, 7.0, 13.0, 7.0, 12.0, 18.0, 30.0, 47.0, 97.0, 204.0, 604.0, 31041.0, 325.0, 131.0, 76.0, 41.0, 27.0, 14.0, 12.0, 9.0, 9.0, 4.0, 3.0, 1.0, 3.0, 2.0, 0.0, 1.0, 0.0, 1.0, 0.0, 0.0, 1.0, 1.0, 0.0, 0.0, 0.0, 1.0], "bins": [-0.05660628154873848, -0.05509018152952194, -0.053574081510305405, -0.05205798149108887, -0.05054188519716263, -0.04902578517794609, -0.04750968515872955, -0.045993585139513016, -0.04447748512029648, -0.04296138510107994, -0.0414452850818634, -0.039929185062646866, -0.03841308504343033, -0.03689698874950409, -0.03538088873028755, -0.033864788711071014, -0.03234868869185448, -0.03083258867263794, -0.029316488653421402, -0.027800390496850014, -0.026284290477633476, -0.02476819045841694, -0.02325209230184555, -0.021735992282629013, -0.020219892263412476, -0.018703792244195938, -0.0171876922249794, -0.015671594068408012, -0.014155494049191475, -0.012639394029974937, -0.011123294942080975, -0.009607195854187012, -0.008091092109680176, -0.006574992556124926, -0.0050588930025696754, -0.0035427934490144253, -0.002026693895459175, -0.0005105943419039249, 0.0010055052116513252, 0.002521604299545288, 0.0040377043187618256, 0.005553803872317076, 0.007069903425872326, 0.008586002513766289, 0.010102102532982826, 0.011618202552199364, 0.013134301640093327, 0.01465040072798729, 0.016166500747203827, 0.017682600766420364, 0.019198700785636902, 0.02071479894220829, 0.022230898961424828, 0.023746998980641365, 0.025263097137212753, 0.02677919715642929, 0.028295297175645828, 0.029811397194862366, 0.0313274972140789, 0.03284359723329544, 0.03435969352722168, 0.03587579354643822, 0.037391893565654755, 0.03890799358487129, 0.04042409360408783]}, "gradients/graph_1layer.0.bias": {"_type": "histogram",