{"train.total": 0.29879626631736755, "train.time": 0.20263409614562988, "_timestamp": 1673682640, "_runtime": 14, "_step": 7}