{"train.total": 0.0, "train.time": 0.019124746322631836, "_timestamp": 1672408665, "_runtime": 488, "_step": 6049, "validation_loss": 0.519916232284286, "validation_acc": 0.006997768966013314, "gradients/graph_1layer.4.bias": {"_type": "histogram", "values": [1.0, 1.0, 0.0, 0.0, 0.0, 1.0, 2.0, 0.0, 1.0, 0.0, 0.0, 2.0, 0.0, 0.0, 2.0, 2.0, 1.0, 4.0, 2.0, 1.0, 4.0, 5.0, 2.0, 3.0, 2.0, 3.0, 3.0, 4.0, 5.0, 2.0, 1.0, 6.0, 6.0, 4.0, 3.0, 4.0, 4.0, 6.0, 5.0, 1.0, 1.0, 2.0, 3.0, 1.0, 1.0, 3.0, 3.0, 2.0, 2.0, 3.0, 2.0, 2.0, 0.0, 0.0, 1.0, 1.0, 1.0, 2.0, 0.0, 0.0, 1.0, 1.0, 2.0, 1.0], "bins": [-0.010971647687256336, -0.010644382797181606, -0.010317116975784302, -0.009989852085709572, -0.009662587195634842, -0.009335321374237537, -0.009008056484162807, -0.008680790662765503, -0.008353525772690773, -0.008026260882616043, -0.007698995526880026, -0.007371730171144009, -0.007044464815407991, -0.006717199459671974, -0.006389934569597244, -0.006062669213861227, -0.005735404323786497, -0.00540813896805048, -0.00508087407797575, -0.004753608722239733, -0.0044263433665037155, -0.004099078476428986, -0.0037718131206929684, -0.003444547764956951, -0.0031172826420515776, -0.002790017519146204, -0.0024627521634101868, -0.002135487040504813, -0.0018082218011841178, -0.0014809565618634224, -0.0011536914389580488, -0.0008264260832220316, -0.000499160960316658, -0.00017189575009979308, 0.00015536946011707187, 0.00048263464123010635, 0.0008098998805508018, 0.0011371651198714972, 0.0014644302427768707, 0.001791695598512888, 0.0021189607214182615, 0.002446225844323635, 0.0027734912000596523, 0.003100756322965026, 0.0034280214458703995, 0.0037552868016064167, 0.004082552157342434, 0.004409817047417164, 0.004737082403153181, 0.005064347758889198, 0.005391612648963928, 0.0057188780046999454, 0.006046143360435963, 0.006373408250510693, 0.00670067360624671, 0.007027938961982727, 0.007355203852057457, 0.007682469207793474, 0.008009734563529491, 0.008336999453604221, 0.008664264343678951, 0.008991530165076256, 0.009318795055150986, 0.009646059945225716, 0.00997332576662302]}, "gradients/graph_1layer.4.weight": {"_type": "histogram", "values": [1.0, 0.0, 0.0, 0.0, 0.0, 0.0, 3.0, 2.0, 4.0, 2.0, 3.0, 4.0, 5.0, 9.0, 12.0, 14.0, 17.0, 12.0, 23.0, 42.0, 40.0, 63.0, 80.0, 105.0, 137.0, 171.0, 217.0, 284.0, 382.0, 504.0, 581.0, 822.0, 1089.0, 6674.0, 1331.0, 900.0, 703.0, 511.0, 384.0, 281.0, 231.0, 154.0, 129.0, 119.0, 79.0, 65.0, 41.0, 33.0, 30.0, 19.0, 19.0, 7.0, 13.0, 6.0, 7.0, 5.0, 5.0, 0.0, 1.0, 0.0, 3.0, 3.0, 1.0, 2.0], "bins": [-0.0007674848893657327, -0.0007447020034305751, -0.0007219191757030785, -0.000699136289767921, -0.0006763534620404243, -0.0006535705761052668, -0.0006307876901701093, -0.0006080048624426126, -0.0005852219765074551, -0.0005624390905722976, -0.000539656262844801, -0.0005168733769096434, -0.0004940904909744859, -0.00047130766324698925, -0.0004485247773118317, -0.00042574192048050463, -0.00040295906364917755, -0.00038017620681785047, -0.0003573933499865234, -0.00033461046405136585, -0.00031182760722003877, -0.0002890447503887117, -0.00026626186445355415, -0.00024347900762222707, -0.0002206961507909, -0.0001979132939595729, -0.0001751304225763306, -0.0001523475511930883, -0.0001295646943617612, -0.00010678183025447652, -8.399896614719182e-05, -6.121609476394951e-05, -3.8433296140283346e-05, -1.565043203299865e-05, 7.132432074286044e-06, 2.991529618157074e-05, 5.2698160288855433e-05, 7.548102439614013e-05, 9.826388850342482e-05, 0.00012104675988666713, 0.0001438296167179942, 0.0001666124735493213, 0.0001893953449325636, 0.0002121782163158059, 0.000234961073147133, 0.0002577439299784601, 0.0002805268159136176, 0.0003033096727449447, 0.00032609252957627177, 0.00034887538640759885, 0.00037165824323892593, 0.00039444112917408347, 0.00041722398600541055, 0.00044000684283673763, 0.00046278972877189517, 0.00048557258560322225, 0.0005083554424345493, 0.0005311383283697069, 0.0005539211560972035, 0.000576704042032361, 0.0005994868697598577, 0.0006222697556950152, 0.0006450526416301727, 0.0006678354693576694, 0.0006906183552928269]}, "gradients/graph_1layer.2.bias": {"_type": "histogram", "values": [1.0, 0.0, 1.0, 0.0, 0.0, 1.0, 1.0, 0.0, 1.0, 2.0, 0.0, 0.0, 1.0, 1.0, 2.0, 0.0, 3.0, 0.0, 2.0, 1.0, 2.0, 4.0, 2.0, 2.0, 3.0, 8.0, 4.0, 3.0, 2.0, 43.0, 3.0, 3.0, 3.0, 5.0, 2.0, 0.0, 2.0, 2.0, 1.0, 5.0, 0.0, 3.0, 0.0, 1.0, 0.0, 1.0, 1.0, 1.0, 2.0, 0.0, 0.0, 0.0, 1.0, 0.0, 0.0, 0.0, 0.0, 0.0, 0.0, 1.0, 0.0, 0.0, 0.0, 1.0], "bins": [-0.024173568934202194, -0.02334086410701275, -0.022508157417178154, -0.02167545258998871, -0.020842747762799263, -0.020010042935609818, -0.019177336245775223, -0.018344631418585777, -0.017511926591396332, -0.016679221764206886, -0.01584651507437229, -0.015013810247182846, -0.0141811054199934, -0.01334839966148138, -0.01251569390296936, -0.011682989075779915, -0.010850283317267895, -0.010017577558755875, -0.00918487273156643, -0.008352166973054409, -0.0075194621458649635, -0.006686756387352943, -0.005854051094502211, -0.005021345801651478, -0.004188640508800745, -0.003355935215950012, -0.0025232299230992794, -0.001690524397417903, -0.0008578191045671701, -2.5113578885793686e-05, 0.0008075917139649391, 0.001640297006815672, 0.0024730022996664047, 0.0033057075925171375, 0.00413841288536787, 0.0049711186438798904, 0.005803823471069336, 0.006636529229581356, 0.007469234522432089, 0.008301939815282822, 0.009134644642472267, 0.009967350400984287, 0.010800055228173733, 0.011632760986685753, 0.012465465813875198, 0.013298171572387218, 0.014130877330899239, 0.014963582158088684, 0.01579628884792328, 0.016628993675112724, 0.01746170036494732, 0.018294405192136765, 0.01912711001932621, 0.019959814846515656, 0.02079252153635025, 0.021625226363539696, 0.02245793119072914, 0.023290636017918587, 0.02412334270775318, 0.024956047534942627, 0.025788752362132072, 0.026621457189321518, 0.027454163879156113, 0.028286868706345558, 0.029119573533535004]}, "gradients/graph_1layer.2.weight": {"_type": "histogram", "values": [2.0, 0.0, 0.0, 0.0, 1.0, 1.0, 1.0, 1.0, 3.0, 0.0, 3.0, 1.0, 3.0, 5.0, 6.0, 8.0, 10.0, 19.0, 19.0, 19.0, 38.0, 41.0, 64.0, 64.0, 107.0, 125.0, 190.0, 245.0, 350.0, 543.0, 823.0, 1074.0, 1756.0, 3077.0, 18445.0, 1745.0, 1113.0, 768.0, 524.0, 392.0, 278.0, 226.0, 161.0, 113.0, 96.0, 75.0, 63.0, 55.0, 35.0, 20.0, 13.0, 12.0, 10.0, 8.0, 4.0, 2.0, 5.0, 1.0, 1.0, 1.0, 1.0, 1.0, 0.0, 1.0], "bins": [-0.0025345622561872005, -0.002460423856973648, -0.0023862854577600956, -0.002312147058546543, -0.0022380086593329906, -0.002163870260119438, -0.0020897318609058857, -0.0020155934616923332, -0.0019414550624787807, -0.0018673166632652283, -0.0017931782640516758, -0.0017190398648381233, -0.0016449014656245708, -0.0015707630664110184, -0.001496624667197466, -0.0014224862679839134, -0.001348347868770361, -0.0012742094695568085, -0.001200071070343256, -0.0011259326711297035, -0.001051794271916151, -0.0009776558727025986, -0.0009035174734890461, -0.0008293790742754936, -0.0007552406750619411, -0.0006811022758483887, -0.0006069638766348362, -0.0005328254774212837, -0.00045868707820773125, -0.00038454867899417877, -0.0003104102797806263, -0.00023627188056707382, -0.0001621332485228777, -8.799484930932522e-05, -1.3856450095772743e-05, 6.028194911777973e-05, 0.0001344203483313322, 0.00020855874754488468, 0.00028269714675843716, 0.00035683554597198963, 0.0004309739451855421, 0.0005051123443990946, 0.0005792507436126471, 0.0006533891428261995, 0.000727527542039752, 0.0008016659412533045, 0.000875804340466857, 0.0009499427396804094, 0.001024081138893962, 0.0010982195381075144, 0.0011723579373210669, 0.0012464963365346193, 0.0013206347357481718, 0.0013947731349617243, 0.0014689115341752768, 0.0015430499333888292, 0.0016171883326023817, 0.0016913267318159342, 0.0017654651310294867, 0.0018396035302430391, 0.0019137419294565916, 0.001987880328670144, 0.0020620187278836966, 0.002136157127097249, 0.0022102955263108015]}, "gradients/graph_1layer.0.bias": {"_type": "histogram",