{"train_loss": 0.2998726963996887, "train.time": 6.795091390609741, "_timestamp": 1676182937, "_runtime": 13, "_step": 2, "loss": 0.30000483989715576, "MRR": 0.007880272489734977, "nDCG": 1.039524624820301, "_wandb": {"runtime": 14}}