{"train.total": 0.4925420880317688, "train.time": 0.022313356399536133, "_timestamp": 1672385623, "_runtime": 2, "_step": 2}