{"train_loss": 0.09996149688959122, "train.time": 5.5347888469696045, "_timestamp": 1676519721, "_runtime": 6, "_step": 0, "_wandb": {"runtime": 9}}