{"train.total": 0.39956220984458923, "train.time": 0.22826147079467773, "_timestamp": 1674266947, "_runtime": 5, "_step": 3, "_wandb": {"runtime": 12}}