{"train.total": 0.4925420880317688, "train.time": 0.021091222763061523, "_timestamp": 1672385024, "_runtime": 1, "_step": 2, "_wandb": {"runtime": 2}}