{"train.total": 0.49484366178512573, "train.time": 0.22590303421020508, "_timestamp": 1672474197, "_runtime": 9, "_step": 7, "_wandb": {"runtime": 10}}