{"train.total": 0.09107290208339691, "train.time": 2.7901272773742676, "_timestamp": 1674046337, "_runtime": 17, "_step": 3, "validation_loss": 0.3298034369945526, "validation_acc": 0.014371224012923291, "train_loss": 0.0978880375623703, "train_acc": 0.012025275155454767, "_wandb": {"runtime": 18}}