{"train.total": 0.02426805905997753, "train.time": 0.20694947242736816, "_timestamp": 1673584955, "_runtime": 5133, "_step": 3274, "validation_loss": 0.3663497567176819, "validation_acc": 0.010534769829997355, "train_loss": 0.007606670651379167, "train_acc": 0.4720091192116119, "gradients/graph_1layer.6.bias": {"_type": "histogram", "values": [5.0, 0.0, 0.0, 1.0, 0.0, 1.0, 1.0, 1.0, 0.0, 0.0, 4.0, 6.0, 5.0, 4.0, 2.0, 3.0, 2.0, 6.0, 5.0, 9.0, 3.0, 5.0, 2.0, 2.0, 2.0, 12.0, 5.0, 8.0, 6.0, 7.0, 7.0, 6.0, 8.0, 11.0, 8.0, 4.0, 6.0, 5.0, 10.0, 9.0, 8.0, 4.0, 6.0, 3.0, 4.0, 3.0, 5.0, 3.0, 3.0, 5.0, 4.0, 0.0, 3.0, 3.0, 4.0, 0.0, 3.0, 2.0, 3.0, 4.0, 1.0, 2.0, 1.0, 1.0], "bins": [-0.02254803106188774, -0.021822020411491394, -0.021096007898449898, -0.02036999724805355, -0.019643986597657204, -0.018917974084615707, -0.01819196343421936, -0.017465952783823013, -0.016739942133426666, -0.01601393148303032, -0.015287919901311398, -0.014561908319592476, -0.013835897669196129, -0.013109886087477207, -0.012383874505758286, -0.011657863855361938, -0.010931851342320442, -0.01020583976060152, -0.009479829110205173, -0.008753817528486252, -0.008027806878089905, -0.007301795296370983, -0.0065757837146520615, -0.005849772598594427, -0.005123761482536793, -0.004397750366479158, -0.0036717390175908804, -0.0029457276687026024, -0.002219716552644968, -0.0014937054365873337, -0.000767693854868412, -4.1682738810777664e-05, 0.0006843283772468567, 0.0014103396097198129, 0.002136350842192769, 0.002862362191081047, 0.0035883733071386814, 0.004314384423196316, 0.005040396004915237, 0.005766407120972872, 0.006492418237030506, 0.0072184293530881405, 0.007944440469145775, 0.008670452050864697, 0.009396463632583618, 0.010122474282979965, 0.010848485864698887, 0.011574497446417809, 0.012300508096814156, 0.013026519678533077, 0.013752530328929424, 0.014478541910648346, 0.015204552561044693, 0.01593056321144104, 0.016656575724482536, 0.017382586374878883, 0.01810859888792038, 0.018834609538316727, 0.019560622051358223, 0.02028663270175457, 0.021012643352150917, 0.021738655865192413, 0.02246466651558876, 0.023190677165985107, 0.023916687816381454]}, "gradients/graph_1layer.6.weight": {"_type": "histogram", "values": [1.0, 1.0, 0.0, 3.0, 2.0, 3.0, 0.0, 9.0, 10.0, 2.0, 11.0, 14.0, 19.0, 25.0, 26.0, 33.0, 51.0, 69.0, 121.0, 149.0, 196.0, 289.0, 385.0, 512.0, 809.0, 1006.0, 1292.0, 1581.0, 1902.0, 2162.0, 2442.0, 6495.0, 2411.0, 2198.0, 1949.0, 1586.0, 1177.0, 994.0, 751.0, 580.0, 383.0, 285.0, 213.0, 172.0, 113.0, 76.0, 81.0, 44.0, 28.0, 28.0, 18.0, 17.0, 8.0, 7.0, 5.0, 6.0, 7.0, 3.0, 0.0, 1.0, 4.0, 0.0, 0.0, 3.0], "bins": [-0.00023653852986171842, -0.0002290388074470684, -0.00022153908503241837, -0.00021403937716968358, -0.00020653965475503355, -0.00019903993234038353, -0.0001915402099257335, -0.00018404048751108348, -0.0001765407796483487, -0.00016904105723369867, -0.00016154133481904864, -0.00015404162695631385, -0.00014654190454166383, -0.0001390421821270138, -0.00013154245971236378, -0.00012404273729771376, -0.00011654301488306373, -0.00010904329246841371, -0.0001015435773297213, -9.404385491507128e-05, -8.654413977637887e-05, -7.904441736172885e-05, -7.154469494707882e-05, -6.40449725324288e-05, -5.654525739373639e-05, -4.9045538617065176e-05, -4.154581984039396e-05, -3.404609742574394e-05, -2.654637864907272e-05, -1.9046659872401506e-05, -1.1546937457751483e-05, -4.047218681080267e-06, 3.452500095590949e-06, 1.0952219781756867e-05, 1.8451939467922784e-05, 2.5951660063583404e-05, 3.345137884025462e-05, 4.0951097616925836e-05, 4.845082003157586e-05, 5.5950538808247074e-05, 6.345025758491829e-05, 7.094997999956831e-05, 7.844969513826072e-05, 8.594941755291075e-05, 9.344913996756077e-05, 0.00010094885510625318, 0.0001084485775209032, 0.00011594829265959561, 0.00012344801507424563, 0.00013094773748889565, 0.00013844745990354568, 0.0001459471823181957, 0.0001534468901809305, 0.00016094661259558052, 0.00016844633501023054, 0.00017594605742488056, 0.0001834457798395306, 0.0001909455022541806, 0.00019844522466883063, 0.00020594493253156543, 0.00021344465494621545, 0.00022094437736086547, 0.0002284440997755155, 0.00023594382219016552, 0.00024344353005290031]}, "gradients/graph_1layer.3.bias": {"_type": "histogram", "values": [1.0, 0.0, 2.0, 1.0, 1.0, 1.0, 0.0, 0.0, 1.0, 0.0, 2.0, 1.0, 0.0, 2.0, 0.0, 0.0, 0.0, 1.0, 0.0, 3.0, 4.0, 1.0, 2.0, 2.0, 7.0, 2.0, 3.0, 4.0, 4.0, 4.0, 10.0, 3.0, 5.0, 18.0, 2.0, 3.0, 7.0, 2.0, 3.0, 4.0, 0.0, 3.0, 3.0, 4.0, 2.0, 1.0, 0.0, 1.0, 0.0, 2.0, 0.0, 1.0, 0.0, 1.0, 0.0, 1.0, 1.0, 1.0, 0.0, 0.0, 0.0, 0.0, 0.0, 1.0], "bins": [-0.13072292506694794, -0.12682539224624634, -0.12292785942554474, -0.11903033405542374, -0.11513280123472214, -0.11123526841402054, -0.10733773559331894, -0.10344021022319794, -0.09954267740249634, -0.09564514458179474, -0.09174761176109314, -0.08785008639097214, -0.08395255357027054, -0.08005502074956894, -0.07615748792886734, -0.07225996255874634, -0.06836242973804474, -0.06446489691734314, -0.06056736782193184, -0.05666983500123024, -0.05277230590581894, -0.04887477308511734, -0.04497724026441574, -0.04107971116900444, -0.03718217462301254, -0.033284641802310944, -0.029387112706899643, -0.025489579886198044, -0.021592050790786743, -0.017694517970085144, -0.013796987012028694, -0.009899456053972244, -0.006001926958560944, -0.00210439576767385, 0.0017931354232132435, 0.005690666846930981, 0.00958819780498743, 0.013485729694366455, 0.017383260652422905, 0.021280791610479355, 0.025178322568535805, 0.029075853526592255, 0.032973386347293854, 0.036870915442705154, 0.040768448263406754, 0.044665977358818054, 0.04856351017951965, 0.05246104300022125, 0.05635857209563255, 0.06025610491633415, 0.06415363401174545, 0.06805116683244705, 0.07194869965314865, 0.07584622502326965, 0.07974375784397125, 0.08364129066467285, 0.08753882348537445, 0.09143635630607605, 0.09533388912677765, 0.09923141449689865, 0.10312894731760025, 0.10702648013830185, 0.11092401295900345, 0.11482153832912445, 0.11871907114982605]}, "gradients/graph_1layer.3.weight": {"_type": "histogram", "values": [1.0, 0.0, 0.0, 0.0, 1.0, 1.0, 0.0, 1.0, 1.0, 3.0, 2.0, 2.0, 2.0, 5.0, 4.0, 5.0, 2.0, 6.0, 2.0, 7.0, 4.0, 12.0, 10.0, 26.0, 21.0, 40.0, 52.0, 55.0, 94.0, 124.0, 187.0, 334.0, 721.0, 1727.0, 8024.0, 17648.0, 1902.0, 766.0, 392.0, 207.0, 146.0, 62.0, 54.0, 34.0, 22.0, 16.0, 8.0, 10.0, 7.0, 3.0, 2.0, 1.0, 2.0, 2.0, 4.0, 1.0, 0.0, 2.0, 0.0, 0.0, 0.0, 0.0, 0.0, 1.0], "bins": [-0.005572116002440453, -0.005413008388131857, -0.005253900773823261, -0.005094792693853378, -0.004935685079544783, -0.004776577465236187, -0.004617469385266304, -0.004458361770957708, -0.004299254156649113, -0.004140146542340517, -0.003981038928031921, -0.0038219308480620384, -0.0036628232337534428, -0.003503715619444847, -0.003344607772305608, -0.0031854999251663685, -0.003026392310857773, -0.002867284696549177, -0.002708176849409938, -0.0025490690022706985, -0.002389961387962103, -0.0022308537736535072, -0.002071745926514268, -0.0019126381957903504, -0.001753530465066433, -0.0015944227343425155, -0.001435315003618598, -0.0012762072728946805, -0.001117099542170763, -0.0009579918114468455, -0.000798884080722928, -0.0006397763499990106, -0.0004806686192750931, -0.0003215608885511756, -0.0001624531578272581, -3.3454271033406258e-06, 0.00015576230362057686, 0.00031487003434449434, 0.0004739777650684118, 0.0006330854957923293, 0.0007921932265162468, 0.0009513009572401643, 0.0011104086879640818, 0.0012695164186879992, 0.0014286241494119167, 0.0015877318801358342, 0.0017468396108597517, 0.0019059473415836692, 0.0020650550723075867, 0.0022241626866161823, 0.0023832705337554216, 0.002542378380894661, 0.0027014859952032566, 0.0028605936095118523, 0.0030197014566510916, 0.003178809303790331, 0.0033379169180989265, 0.003497024532407522, 0.0036561323795467615, 0.003815240226686001, 0.0039743478409945965, 0.004133455455303192, 0.004292563535273075, 0.004451671149581671, 0.004610778763890266]},