{"train_loss": 0.3003759980201721, "train.time": 7.059125900268555, "_timestamp": 1676209079, "_runtime": 8, "_step": 0, "_wandb": {"runtime": 14}}