{"train.total": 0.29960042238235474, "train.time": 3.434800148010254, "_timestamp": 1674431053, "_runtime": 111, "_step": 0}