{"train_loss": 0.29993560910224915, "train.time": 7.399087429046631, "_timestamp": 1675666055, "_runtime": 9, "_step": 0, "_wandb": {"runtime": 14}}