{"train.total": 0.00970882922410965, "train.time": 0.019602298736572266, "_timestamp": 1672326256, "_runtime": 489, "_step": 6049, "validation_loss": 0.5148902365403383, "validation_acc": 0.054245283018867926, "gradients/graph_1layer.4.bias": {"_type": "histogram", "values": [1.0, 1.0, 0.0, 1.0, 0.0, 1.0, 0.0, 2.0, 2.0, 0.0, 0.0, 2.0, 0.0, 5.0, 3.0, 3.0, 1.0, 1.0, 1.0, 4.0, 4.0, 2.0, 3.0, 6.0, 0.0, 3.0, 5.0, 2.0, 4.0, 1.0, 2.0, 3.0, 6.0, 4.0, 2.0, 2.0, 8.0, 2.0, 1.0, 4.0, 4.0, 1.0, 2.0, 5.0, 0.0, 2.0, 4.0, 2.0, 1.0, 1.0, 3.0, 2.0, 2.0, 3.0, 2.0, 0.0, 0.0, 1.0, 0.0, 0.0, 0.0, 0.0, 0.0, 1.0], "bins": [-0.014009581878781319, -0.013563905842602253, -0.013118229806423187, -0.012672553770244122, -0.012226877734065056, -0.01178120169788599, -0.011335525661706924, -0.010889849625527859, -0.010444173589348793, -0.009998497553169727, -0.009552821516990662, -0.009107145480811596, -0.00866146944463253, -0.008215793408453465, -0.007770117372274399, -0.007324441336095333, -0.006878765299916267, -0.006433089263737202, -0.005987413227558136, -0.00554173719137907, -0.005096061155200005, -0.004650385119020939, -0.004204709082841873, -0.0037590330466628075, -0.0033133570104837418, -0.002867680974304676, -0.0024220049381256104, -0.0019763289019465446, -0.001530652865767479, -0.0010849768295884132, -0.0006393007934093475, -0.00019362475723028183, 0.0002520512789487839, 0.0006977273151278496, 0.0011434033513069153, 0.001589079387485981, 0.0020347554236650467, 0.0024804314598441124, 0.002926107496023178, 0.003371783532202244, 0.0038174595683813095, 0.004263135604560375, 0.004708811640739441, 0.005154487676918507, 0.005600163713097572, 0.006045839749276638, 0.006491515785455704, 0.0069371918216347694, 0.007382867857813835, 0.0078285438939929, 0.008274219930171967, 0.008719895966351032, 0.009165572002530098, 0.009611248038709164, 0.01005692407488823, 0.010502600111067295, 0.01094827614724636, 0.011393952183425426, 0.011839628219604492, 0.012285304255783558, 0.012730980291962624, 0.01317665632814169, 0.013622332364320755, 0.01406800840049982, 0.014513684436678886]}, "gradients/graph_1layer.4.weight": {"_type": "histogram", "values": [1.0, 1.0, 0.0, 2.0, 2.0, 1.0, 3.0, 5.0, 1.0, 4.0, 8.0, 10.0, 8.0, 24.0, 23.0, 33.0, 44.0, 70.0, 63.0, 96.0, 123.0, 164.0, 211.0, 287.0, 375.0, 485.0, 602.0, 801.0, 1105.0, 6550.0, 1287.0, 978.0, 719.0, 461.0, 408.0, 341.0, 231.0, 215.0, 166.0, 108.0, 94.0, 70.0, 52.0, 34.0, 27.0, 27.0, 21.0, 12.0, 10.0, 5.0, 1.0, 4.0, 3.0, 2.0, 1.0, 0.0, 1.0, 0.0, 1.0, 1.0, 1.0, 0.0, 0.0, 1.0], "bins": [-0.0008459759992547333, -0.0008176201372407377, -0.000789264275226742, -0.0007609083550050855, -0.0007325524929910898, -0.0007041966309770942, -0.0006758407689630985, -0.0006474849069491029, -0.0006191290449351072, -0.0005907731829211116, -0.0005624173209071159, -0.0005340614588931203, -0.0005057055386714637, -0.0004773496766574681, -0.00044899381464347243, -0.0004206379526294768, -0.0003922820615116507, -0.00036392619949765503, -0.00033557030837982893, -0.0003072144463658333, -0.00027885858435183764, -0.000250502722337842, -0.00022214683122001588, -0.00019379096920602024, -0.00016543509264010936, -0.00013707921607419848, -0.00010872335406020284, -8.036747749429196e-05, -5.20116082043387e-05, -2.3655738914385438e-05, 4.700137651525438e-06, 3.3055999665521085e-05, 6.141187623143196e-05, 8.976774552138522e-05, 0.00011812361481133848, 0.00014647949137724936, 0.000174835353391245, 0.00020319122995715588, 0.00023154710652306676, 0.0002599029685370624, 0.00028825883055105805, 0.0003166146925650537, 0.0003449705836828798, 0.00037332644569687545, 0.0004016823077108711, 0.0004300381988286972, 0.00045839406084269285, 0.0004867499228566885, 0.0005151057848706841, 0.0005434616468846798, 0.0005718175088986754, 0.0006001733709126711, 0.0006285292911343277, 0.0006568851531483233, 0.0006852410151623189, 0.0007135968771763146, 0.0007419527973979712, 0.0007703086594119668, 0.0007986645214259624, 0.0008270203834399581, 0.0008553763036616147, 0.0008837321656756103, 0.000912088027689606, 0.0009404438897036016, 0.0009687997517175972]}, "gradients/graph_1layer.2.bias": {"_type": "histogram", "values": [1.0, 0.0, 1.0, 0.0, 0.0, 0.0, 1.0, 1.0, 1.0, 0.0, 0.0, 3.0, 1.0, 0.0, 2.0, 1.0, 2.0, 2.0, 1.0, 1.0, 3.0, 2.0, 3.0, 5.0, 4.0, 5.0, 3.0, 42.0, 7.0, 4.0, 1.0, 3.0, 3.0, 3.0, 4.0, 4.0, 2.0, 0.0, 1.0, 0.0, 1.0, 0.0, 1.0, 1.0, 2.0, 1.0, 0.0, 0.0, 0.0, 0.0, 0.0, 2.0, 0.0, 0.0, 0.0, 0.0, 0.0, 0.0, 0.0, 0.0, 0.0, 1.0, 1.0, 1.0], "bins": [-0.029308807104825974, -0.02825087308883667, -0.027192939072847366, -0.026135005056858063, -0.02507706917822361, -0.024019135162234306, -0.022961201146245003, -0.0219032671302557, -0.020845331251621246, -0.019787397235631943, -0.01872946321964264, -0.017671529203653336, -0.016613593325018883, -0.01555565930902958, -0.014497725293040276, -0.013439791277050972, -0.012381857261061668, -0.011323923245072365, -0.010265988297760487, -0.009208054281771183, -0.008150119334459305, -0.007092185318470001, -0.006034251302480698, -0.004976316820830107, -0.003918382339179516, -0.002860447857528925, -0.0018025136087089777, -0.0007445793598890305, 0.00031335512176156044, 0.0013712896034121513, 0.002429223619401455, 0.003487158101052046, 0.004545092582702637, 0.005603027064353228, 0.0066609615460038185, 0.007718895561993122, 0.008776830509305, 0.009834764525294304, 0.010892698541283607, 0.011950632557272911, 0.01300856750458479, 0.014066501520574093, 0.015124436467885971, 0.016182370483875275, 0.017240304499864578, 0.018298238515853882, 0.019356172531843185, 0.020414108410477638, 0.021472042426466942, 0.022529976442456245, 0.02358791045844555, 0.024645846337080002, 0.025703780353069305, 0.02676171436905861, 0.027819648385047913, 0.028877582401037216, 0.02993551641702652, 0.030993450433015823, 0.03205138444900513, 0.03310931846499443, 0.034167252480983734, 0.035225190222263336, 0.03628312051296234, 0.03734105825424194, 0.03839899227023125]}, "gradients/graph_1layer.2.weight": {"_type": "histogram", "values": [1.0, 0.0, 0.0, 2.0, 0.0, 0.0, 0.0, 2.0, 2.0, 2.0, 7.0, 11.0, 9.0, 14.0, 14.0, 17.0, 25.0, 24.0, 37.0, 43.0, 81.0, 88.0, 130.0, 161.0, 246.0, 313.0, 445.0, 573.0, 875.0, 1246.0, 1834.0, 18442.0, 2755.0, 1564.0, 1097.0, 746.0, 497.0, 382.0, 280.0, 192.0, 142.0, 101.0, 80.0, 48.0, 52.0, 31.0, 31.0, 23.0, 17.0, 21.0, 13.0, 12.0, 6.0, 8.0, 7.0, 9.0, 3.0, 1.0, 2.0, 1.0, 1.0, 1.0, 0.0, 1.0], "bins": [-0.002355990232899785, -0.0022820113226771355, -0.002208032412454486, -0.0021340535022318363, -0.0020600748248398304, -0.001986095914617181, -0.0019121170043945312, -0.0018381380941718817, -0.001764159183949232, -0.0016901802737265825, -0.001616201363503933, -0.0015422225696966052, -0.0014682436594739556, -0.001394264749251306, -0.0013202859554439783, -0.0012463070452213287, -0.0011723281349986792, -0.0010983492247760296, -0.00102437031455338, -0.0009503915207460523, -0.0008764126105234027, -0.0008024337003007531, -0.0007284548482857645, -0.0006544759962707758, -0.0005804970860481262, -0.0005065181758254766, -0.000432539323810488, -0.00035856044269166887, -0.00028458156157284975, -0.00021060268045403063, -0.00013662379933521152, -6.264494732022285e-05, 1.1333730071783066e-05, 8.531261119060218e-05, 0.0001592914923094213, 0.00023327037342824042, 0.00030724925454705954, 0.00038122813566587865, 0.00045520701678469777, 0.0005291858687996864, 0.000603164779022336, 0.0006771436892449856, 0.0007511225412599742, 0.0008251013932749629, 0.0008990803034976125, 0.000973059213720262, 0.0010470380075275898, 0.0011210169177502394, 0.001194995827972889, 0.0012689747381955385, 0.001342953648418188, 0.0014169324422255158, 0.0014909113524481654, 0.001564890262670815, 0.0016388690564781427, 0.0017128479667007923, 0.0017868268769234419, 0.0018608057871460915, 0.001934784697368741, 0.0020087636075913906, 0.0020827422849833965, 0.002156721195206046, 0.0022307001054286957, 0.0023046790156513453, 0.002378657925873995]}, "gradients/graph_1layer.0.bias": {"_type": "histogram",